Unity Editor version:    6000.3.2f1 (a9779f353c9b)
Branch:                  6000.3/staging
Build type:              Release
Batch mode:              YES
macOS version:           Version 15.6 (Build 24G84)
Darwin version:          24.6.0
Architecture:            arm64
Running under Rosetta:   NO
Available memory:        24576 MB
Date:                    2026-02-13T12:42:44Z
[Licensing::Module] Trying to connect to existing licensing client channel...
[Licensing::IpcConnector] Channel LicenseClient-fit0721 doesn't exist
Launching external process: /Applications/Unity/Hub/Editor/6000.3.2f1/Unity.app/Contents/Helpers/UnityLicensingClient.app/Contents/MacOS/Unity.Licensing.Client
[Licensing::Module] Successfully launched the LicensingClient (PId: 4281)
Launching external process: /Applications/Unity/Hub/Editor/6000.3.2f1/Unity.app/Contents/Resources/PackageManager/Server/UnityPackageManager

COMMAND LINE ARGUMENTS:
/Applications/Unity/Hub/Editor/6000.3.2f1/Unity.app/Contents/MacOS/Unity
-batchmode
-nographics
-quit
-projectPath
/Users/fit0721/Documents/GitHub/bigtwo/Unity
-executeMethod
BuildAutomation.BuildAndroidApk
-logFile
/Users/fit0721/Documents/GitHub/bigtwo/Unity/unity_android_build.log
Successfully changed project path to: /Users/fit0721/Documents/GitHub/bigtwo/Unity
/Users/fit0721/Documents/GitHub/bigtwo/Unity
[UnityMemory] Configuration Parameters - Can be set up in boot.config
    "memorysetup-allocator-temp-initial-block-size-main=262144"
    "memorysetup-allocator-temp-initial-block-size-worker=262144"
    "memorysetup-temp-allocator-size-background-worker=32768"
    "memorysetup-temp-allocator-size-job-worker=262144"
    "memorysetup-temp-allocator-size-preload-manager=33554432"
    "memorysetup-temp-allocator-size-nav-mesh-worker=65536"
    "memorysetup-temp-allocator-size-audio-worker=65536"
    "memorysetup-temp-allocator-size-cloud-worker=32768"
    "memorysetup-bucket-allocator-granularity=16"
    "memorysetup-bucket-allocator-bucket-count=8"
    "memorysetup-bucket-allocator-block-size=33554432"
    "memorysetup-bucket-allocator-block-count=8"
    "memorysetup-main-allocator-block-size=16777216"
    "memorysetup-thread-allocator-block-size=16777216"
    "memorysetup-gfx-main-allocator-block-size=16777216"
    "memorysetup-gfx-thread-allocator-block-size=16777216"
    "memorysetup-cache-allocator-block-size=4194304"
    "memorysetup-typetree-allocator-block-size=2097152"
    "memorysetup-profiler-bucket-allocator-granularity=16"
    "memorysetup-profiler-bucket-allocator-bucket-count=8"
    "memorysetup-profiler-bucket-allocator-block-size=33554432"
    "memorysetup-profiler-bucket-allocator-block-count=8"
    "memorysetup-profiler-allocator-block-size=16777216"
    "memorysetup-profiler-editor-allocator-block-size=1048576"
    "memorysetup-temp-allocator-size-main=16777216"
    "memorysetup-job-temp-allocator-block-size=2097152"
    "memorysetup-job-temp-allocator-block-size-background=1048576"
    "memorysetup-job-temp-allocator-reduction-small-platforms=262144"
    "memorysetup-temp-allocator-size-gi-baking-worker=262144"
    "memorysetup-temp-allocator-size-gi-baking-worker=262144"
    "memorysetup-temp-allocator-size-gi-baking-worker=262144"
    "memorysetup-temp-allocator-size-gi-baking-worker=262144"
    "memorysetup-temp-allocator-size-gi-baking-worker=262144"
    "memorysetup-temp-allocator-size-gfx=262144"
Player connection [8656036032]  Target information:

Player connection [8656036032]  * "[IP] 192.168.0.121 [Port] 55504 [Flags] 2 [Guid] 3167926430 [EditorId] 3167926430 [Version] 1048832 [Id] OSXEditor(0,FIT0721deMacBook-Pro-2.local) [Debug] 1 [PackageName] OSXEditor [ProjectName] Editor" 

Player connection [8656036032] Host joined multi-casting on [225.0.0.222:54997]...
Player connection [8656036032] Host joined alternative multi-casting on [225.0.0.222:34997]...
Input System module state changed to: Initialized.
[Physics::Module] Initialized fallback backend.
[Physics::Module] Id: 0xdecafbad
[Package Manager] Connected to IPC stream "Upm-4280" after 0.1 seconds.
[Licensing::Module] Licensing is not yet initialized.
[Licensing::IpcConnector] Successfully connected to: "LicenseClient-fit0721" at "2026-02-13T12:42:45.385293Z"
[Licensing::Client] Handshaking with LicensingClient:
  Version:                 1.17.4+4293ba1
  Session Id:              04a6bb21cfd34ad48de7c3dafbcc954c
  Correlation Id:          01242504c32a5c9f1a77be8c5b0fd471
  External correlation Id: 5621506750808132999
  Machine Id:              j2oavUz7Pxw7CUERKAvmf1BkjQk=
[Licensing::Module] Successfully connected to LicensingClient on channel: "LicenseClient-fit0721" (connect: 0.58s, validation: 0.01s, handshake: 0.17s)
[Licensing::IpcConnector] Successfully connected to: "LicenseClient-fit0721-notifications" at "2026-02-13T12:42:45.567209Z"
[Licensing::Module] Connected to LicensingClient (PId: 4281, launch time: 0.00, total connection time: 0.76s)
[Licensing::Module] Error: Access token is unavailable; failed to update
[Licensing::Client] Successfully resolved entitlement details
[Licensing::Module] License group:
  Id: ewogICJzdWJzR3JvdXAiIDogInVuaXR5IGVkaXRvciIsCiAgIm5hbWVzcGFjZSIgOiAidW5pdHlfZWRpdG9yIiwKICAidHlwZSIgOiAiRURJVE9SIiwKICAidGFnIiA6ICJVbml0eVBlcnNvbmFsXXXX
  Product: Unity Personal Version
  Type: Assigned
  Expiration: Unlimited
[Licensing::Client] Successfully updated license, isAsync: True, time: 0.00
[Licensing::Client] Successfully resolved entitlement details
[Licensing::Module] Licensing Background thread has ended after 0.77s
[Licensing::Module] Licensing is initialized (took 0.61s).
[Licensing::Client] Successfully resolved entitlement details
Library Redirect Path: Library/
[Physics::Module] Selected backend.
[Physics::Module] Name: PhysX
[Physics::Module] Id: 0xf2b8ea05
[Physics::Module] SDK Version: 4.1.2
[Physics::Module] Integration Version: 1.0.0
[Physics::Module] Threading Mode: Multi-Threaded
[Licensing::Client] Successfully resolved entitlement details
Refreshing native plugins compatible for Editor in 0.00 ms, found 0 plugins.
Preloading 0 native plugins for Editor in 0.00 ms.
Initialize engine version: 6000.3.2f1 (a9779f353c9b)
[Subsystems] Discovering subsystems at path /Applications/Unity/Hub/Editor/6000.3.2f1/Unity.app/Contents/Resources/UnitySubsystems
[Subsystems] Discovering subsystems at path /Users/fit0721/Documents/GitHub/bigtwo/Unity/Assets
Forcing GfxDevice: Null
GfxDevice: creating device client; kGfxThreadingModeNonThreaded
NullGfxDevice:
    Version:  NULL 1.0 [1.0]
    Renderer: Null Device
    Vendor:   Unity Technologies
Initialize mono
Mono path[0] = '/Applications/Unity/Hub/Editor/6000.3.2f1/Unity.app/Contents/Resources/Scripting/Managed'
Mono path[1] = '/Applications/Unity/Hub/Editor/6000.3.2f1/Unity.app/Contents/Resources/Scripting/MonoBleedingEdge/lib/mono/unityjit-macos'
Mono config path = '/Applications/Unity/Hub/Editor/6000.3.2f1/Unity.app/Contents/Resources/Scripting/MonoBleedingEdge/etc'
Using monoOptions --debugger-agent=transport=dt_socket,embedding=1,server=y,suspend=n,address=127.0.0.1:56280
Using cacheserver namespaces - metadata:defaultmetadata, artifacts:defaultartifacts
Using cacheserver namespaces - metadata:defaultmetadata, artifacts:defaultartifacts
ImportWorker Server TCP listen port: 0
AcceleratorClientConnectionCallback - disconnected - :0
Begin MonoManager ReloadAssembly
Registering precompiled unity dll's ...
Register platform support module: /Applications/Unity/Hub/Editor/6000.3.2f1/PlaybackEngines/WebGLSupport/UnityEditor.WebGL.Extensions.dll
Register platform support module: /Applications/Unity/Hub/Editor/6000.3.2f1/Unity.app/Contents/PlaybackEngines/MacStandaloneSupport/UnityEditor.OSXStandalone.Extensions.dll
Register platform support module: /Applications/Unity/Hub/Editor/6000.3.2f1/PlaybackEngines/AndroidPlayer/UnityEditor.Android.Extensions.dll
Registered in 0.000368 seconds.
- Loaded All Assemblies, in  0.183 seconds
Native extension for Android target not found
Multiple ADB server instances found, the following ADB server instance have been terminated due to being run from another SDK. Process paths: 
/opt/homebrew/Caskroom/android-platform-tools/36.0.2/platform-tools/adb
UnityEngine.Debug:ExtractStackTraceNoAlloc (byte*,int,string)
UnityEngine.StackTraceUtility:ExtractStackTrace () (at /Users/bokken/build/output/unity/unity/Runtime/Export/Scripting/StackTrace.cs:35)
UnityEngine.DebugLogHandler:Internal_Log (UnityEngine.LogType,UnityEngine.LogOption,string,UnityEngine.Object)
UnityEngine.DebugLogHandler:LogFormat (UnityEngine.LogType,UnityEngine.Object,string,object[])
UnityEngine.Logger:Log (UnityEngine.LogType,object)
UnityEngine.Debug:Log (object)
UnityEditor.Android.AndroidDeploymentTargetsExtension:GetKnownTargets (UnityEditor.DeploymentTargets.IDeploymentTargetsMainThreadContext,UnityEditor.ProgressHandler) (at /home/bokken/build/output/unity/unity/PlatformDependent/AndroidPlayer/Editor/Managed/DeploymentTargets/AndroidDeploymentTargetsExtension.cs:384)
UnityEditor.Android.TargetScanWorker:ScanSync () (at /home/bokken/build/output/unity/unity/PlatformDependent/AndroidPlayer/Editor/Managed/TargetScanWorker.cs:164)
UnityEditor.Android.TargetExtension:OnUsbDevicesChanged (UnityEditor.Hardware.UsbDevice[]) (at /home/bokken/build/output/unity/unity/PlatformDependent/AndroidPlayer/Editor/Managed/ExtensionModule.cs:114)
UnityEditor.Android.TargetExtension:OnLoad () (at /home/bokken/build/output/unity/unity/PlatformDependent/AndroidPlayer/Editor/Managed/ExtensionModule.cs:75)
UnityEditor.Modules.ModuleManager:InitializePlatformSupportModules () (at /Users/bokken/build/output/unity/unity/Editor/Mono/Modules/ModuleManager.cs:144)

(Filename: /home/bokken/build/output/unity/unity/PlatformDependent/AndroidPlayer/Editor/Managed/DeploymentTargets/AndroidDeploymentTargetsExtension.cs Line: 384)

Android Extension - Scanning For ADB Devices 3074 ms
Native extension for OSXStandalone target not found
Native extension for WebGL target not found
Mono: successfully reloaded assembly
- Finished resetting the current domain, in  3.327 seconds
Domain Reload Profiling: 3510ms
	BeginReloadAssembly (40ms)
		ExecutionOrderSort (0ms)
		DisableScriptedObjects (0ms)
		BackupInstance (0ms)
		ReleaseScriptingObjects (0ms)
		CreateAndSetChildDomain (5ms)
	RebuildCommonClasses (20ms)
	RebuildNativeTypeToScriptingClass (7ms)
	initialDomainReloadingComplete (20ms)
	LoadAllAssembliesAndSetupDomain (96ms)
		LoadAssemblies (36ms)
		RebuildTransferFunctionScriptingTraits (0ms)
		AnalyzeDomain (94ms)
			TypeCache.Refresh (93ms)
				TypeCache.ScanAssembly (86ms)
			BuildScriptInfoCaches (0ms)
			ResolveRequiredComponents (0ms)
	FinalizeReload (3327ms)
		ReleaseScriptCaches (0ms)
		RebuildScriptCaches (0ms)
		SetupLoadedEditorAssemblies (3306ms)
			LogAssemblyErrors (0ms)
			InitializePlatformSupportModulesInManaged (3126ms)
			SetLoadedEditorAssemblies (6ms)
			BeforeProcessingInitializeOnLoad (68ms)
			ProcessInitializeOnLoadAttributes (74ms)
			ProcessInitializeOnLoadMethodAttributes (32ms)
			AfterProcessingInitializeOnLoad (0ms)
			EditorAssembliesLoaded (0ms)
		ExecutionOrderSort2 (0ms)
		AwakeInstancesAfterBackupRestoration (0ms)
[Licensing::Client] Successfully resolved entitlement details
[Licensing::Client] Successfully resolved entitlement details
Application.AssetDatabase Initial Refresh Start
Package Manager log level set to [2]
[Package Manager] Restoring resolved packages state from cache
[Licensing::Client] Successfully resolved entitlement details
[Package Manager] Registered 10 packages:
  Built-in packages:
    com.unity.modules.imageconversion@1.0.0 (location: /Applications/Unity/Hub/Editor/6000.3.2f1/Unity.app/Contents/Resources/PackageManager/BuiltInPackages/com.unity.modules.imageconversion)
    com.unity.modules.imgui@1.0.0 (location: /Applications/Unity/Hub/Editor/6000.3.2f1/Unity.app/Contents/Resources/PackageManager/BuiltInPackages/com.unity.modules.imgui)
    com.unity.modules.unitywebrequest@1.0.0 (location: /Applications/Unity/Hub/Editor/6000.3.2f1/Unity.app/Contents/Resources/PackageManager/BuiltInPackages/com.unity.modules.unitywebrequest)
    com.unity.modules.unitywebrequesttexture@1.0.0 (location: /Applications/Unity/Hub/Editor/6000.3.2f1/Unity.app/Contents/Resources/PackageManager/BuiltInPackages/com.unity.modules.unitywebrequesttexture)
    com.unity.modules.uielements@1.0.0 (location: /Applications/Unity/Hub/Editor/6000.3.2f1/Unity.app/Contents/Resources/PackageManager/BuiltInPackages/com.unity.modules.uielements)
    com.unity.ugui@2.0.0 (location: /Users/fit0721/Documents/GitHub/bigtwo/Unity/Library/PackageCache/com.unity.ugui@52e65280e89e)
    com.unity.modules.ui@1.0.0 (location: /Applications/Unity/Hub/Editor/6000.3.2f1/Unity.app/Contents/Resources/PackageManager/BuiltInPackages/com.unity.modules.ui)
    com.unity.modules.jsonserialize@1.0.0 (location: /Applications/Unity/Hub/Editor/6000.3.2f1/Unity.app/Contents/Resources/PackageManager/BuiltInPackages/com.unity.modules.jsonserialize)
    com.unity.modules.hierarchycore@1.0.0 (location: /Applications/Unity/Hub/Editor/6000.3.2f1/Unity.app/Contents/Resources/PackageManager/BuiltInPackages/com.unity.modules.hierarchycore)
    com.unity.modules.physics@1.0.0 (location: /Applications/Unity/Hub/Editor/6000.3.2f1/Unity.app/Contents/Resources/PackageManager/BuiltInPackages/com.unity.modules.physics)
[Subsystems] No new subsystems found in resolved package list.
[Package Manager] Done registering packages in 0.00 seconds
[ScriptCompilation] Requested script compilation because: Assetdatabase observed changes in script compilation related files
[40m[32minfo[39m[22m[49m: Microsoft.Hosting.Lifetime[14]
      Now listening on: http://unix:/tmp/ilpp.sock-07efea6c0e9a777eee30b5516fab3396
[40m[32minfo[39m[22m[49m: Microsoft.Hosting.Lifetime[0]
      Application started. Press Ctrl+C to shut down.
[40m[32minfo[39m[22m[49m: Microsoft.Hosting.Lifetime[0]
      Hosting environment: Production
[40m[32minfo[39m[22m[49m: Microsoft.Hosting.Lifetime[0]
      Content root path: /Users/fit0721/Documents/GitHub/bigtwo/Unity/
[40m[32minfo[39m[22m[49m: Microsoft.AspNetCore.Hosting.Diagnostics[1]
      Request starting HTTP/2 POST http://ilpp/UnityILPP.PostProcessing/Ping application/grpc -
[40m[32minfo[39m[22m[49m: Microsoft.AspNetCore.Routing.EndpointMiddleware[0]
      Executing endpoint 'gRPC - /UnityILPP.PostProcessing/Ping'
[40m[32minfo[39m[22m[49m: Microsoft.AspNetCore.Routing.EndpointMiddleware[1]
      Executed endpoint 'gRPC - /UnityILPP.PostProcessing/Ping'
[40m[32minfo[39m[22m[49m: Microsoft.AspNetCore.Hosting.Diagnostics[2]
      Request finished HTTP/2 POST http://ilpp/UnityILPP.PostProcessing/Ping application/grpc - - 200 - application/grpc 17.6007ms
Starting: /Applications/Unity/Hub/Editor/6000.3.2f1/Unity.app/Contents/Resources/BuildPipeline/bee_backend --ipc --defer-dag-verification --dagfile="Library/Bee/1300b0aE.dag" --continue-on-failure --profile="Library/Bee/backend1.traceevents" ScriptAssemblies
WorkingDir: /Users/fit0721/Documents/GitHub/bigtwo/Unity
DisplayProgressbar: Compiling Scripts
ExitCode: 0 Duration: 1s601ms
[200/206    1s] Csc Library/Bee/artifacts/1300b0aE.dag/Assembly-CSharp.dll (+2 others)
[201/206    0s] CopyFiles Library/ScriptAssemblies/Assembly-CSharp.dll
[202/206    0s] CopyFiles Library/ScriptAssemblies/Assembly-CSharp.pdb
[203/206    0s] Csc Library/Bee/artifacts/1300b0aE.dag/Assembly-CSharp-Editor.dll (+2 others)
[204/206    0s] CopyFiles Library/ScriptAssemblies/Assembly-CSharp-Editor.pdb
[205/206    0s] CopyFiles Library/ScriptAssemblies/Assembly-CSharp-Editor.dll
*** Tundra build success (1.59 seconds), 6 items updated, 206 evaluated
AssetDatabase: script compilation time: 1.845372s
Begin MonoManager ReloadAssembly
Total cache size 135218632
Total cache size after purge 135218632, took 00:00:00.0211520
- Loaded All Assemblies, in  0.151 seconds
Refreshing native plugins compatible for Editor in 0.00 ms, found 0 plugins.
Native extension for Android target not found
Native extension for OSXStandalone target not found
Native extension for WebGL target not found
Mono: successfully reloaded assembly
- Finished resetting the current domain, in  0.227 seconds
Domain Reload Profiling: 378ms
	BeginReloadAssembly (99ms)
		ExecutionOrderSort (0ms)
		DisableScriptedObjects (5ms)
		BackupInstance (0ms)
		ReleaseScriptingObjects (0ms)
		CreateAndSetChildDomain (48ms)
	RebuildCommonClasses (20ms)
	RebuildNativeTypeToScriptingClass (7ms)
	initialDomainReloadingComplete (8ms)
	LoadAllAssembliesAndSetupDomain (17ms)
		LoadAssemblies (30ms)
		RebuildTransferFunctionScriptingTraits (0ms)
		AnalyzeDomain (13ms)
			TypeCache.Refresh (10ms)
				TypeCache.ScanAssembly (7ms)
			BuildScriptInfoCaches (1ms)
			ResolveRequiredComponents (1ms)
	FinalizeReload (227ms)
		ReleaseScriptCaches (0ms)
		RebuildScriptCaches (0ms)
		SetupLoadedEditorAssemblies (160ms)
			LogAssemblyErrors (0ms)
			InitializePlatformSupportModulesInManaged (16ms)
			SetLoadedEditorAssemblies (2ms)
			BeforeProcessingInitializeOnLoad (67ms)
			ProcessInitializeOnLoadAttributes (57ms)
			ProcessInitializeOnLoadMethodAttributes (17ms)
			AfterProcessingInitializeOnLoad (0ms)
			EditorAssembliesLoaded (0ms)
		ExecutionOrderSort2 (0ms)
		AwakeInstancesAfterBackupRestoration (2ms)
Refreshing native plugins compatible for Editor in 0.00 ms, found 0 plugins.
Preloading 0 native plugins for Editor in 0.00 ms.
Asset Pipeline Refresh (id=5c42e421331fa4e2b84aea443f23b991): Total: 2.314 seconds - Initiated by InitialRefreshV2(ForceSynchronousImport)
	Summary:
		Imports: total=0 (actual=0, local cache=0, cache server=0)
		Asset DB Process Time: managed=0 ms, native=283 ms
		Asset DB Callback time: managed=27 ms, native=3 ms
		Scripting: domain reloads=1, domain reload time=151 ms, compile time=1846 ms, other=2 ms
		Project Asset Count: scripts=123, non-scripts=176
		Asset File Changes: new=0, changed=2, moved=0, deleted=0
		Scan Filter Count: 1
	InvokeCustomDependenciesCallbacks: 0.000ms
	InvokePackagesCallback: 2.756ms
	ApplyChangesToAssetFolders: 0.080ms
	Scan: 25.720ms
	OnSourceAssetsModified: 0.335ms
	CategorizeAssetsWithTransientArtifact: 0.530ms
	ProcessAssetsWithTransientArtifactChanges: 3.347ms
	CategorizeAssets: 0.821ms
	ImportOutOfDateAssets: 227.893ms (-1618.620ms without children)
		CompileScripts: 1846.290ms
		ReloadNativeAssets: 0.000ms
		UnloadImportedAssets: 0.100ms
		EnsureUptoDateAssetsAreRegisteredWithGuidPM: 0.029ms
		InitializingProgressBar: 0.000ms
		PostProcessAllAssetNotificationsAddChangedAssets: 0.000ms
		OnDemandSchedulerStart: 0.095ms
	PostProcessAllAssets: 27.560ms
	Hotreload: 0.267ms
	GatherAllCurrentPrimaryArtifactRevisions: 0.000ms
	UnloadStreamsBegin: 0.527ms
	PersistCurrentRevisions: 0.008ms
	UnloadStreamsEnd: 0.000ms
	GenerateScriptTypeHashes: 0.003ms
	Untracked: 2023.885ms

Application.AssetDatabase Initial Refresh End
Scanning for USB devices : 0.023ms
Initializing Unity extensions:
[MODES] ModeService[none].Initialize
[MODES] ModeService[none].LoadModes
[MODES] Loading mode Default (0) for mode-current-id-simpybigtwo
Unloading 3 Unused Serialized files (Serialized files now loaded: 0)
Unloading 367 unused Assets / (1.0 MB). Loaded Objects now: 970.
Memory consumption went from 106.0 MB to 105.0 MB.
Total: 3.610750 ms (FindLiveObjects: 0.030083 ms CreateObjectMapping: 0.008250 ms MarkObjects: 3.239625 ms  DeleteObjects: 0.332459 ms)

Start importing ProjectSettings/ProjectSettings.asset using Guid(00000000000000004000000000000000) (LibraryAssetImporter) -> (artifact id: '51a836f443c1c26a14265d77e62c1ad5') in 0.003021291 seconds
Refreshing native plugins compatible for Editor in 0.00 ms, found 0 plugins.
Preloading 0 native plugins for Editor in 0.00 ms.
Asset Pipeline Refresh (id=cf9733b3b3d6241fba1a5d9e80e7ae87): Total: 0.017 seconds - Initiated by StopAssetImportingV2(NoUpdateAssetOptions)
DisplayProgressbar: Checking prerequisites
Reporting tool paths:
 JDK: '/Applications/Unity/Hub/Editor/6000.3.2f1/PlaybackEngines/AndroidPlayer/OpenJDK'
 Android SDK: '/Applications/Unity/Hub/Editor/6000.3.2f1/PlaybackEngines/AndroidPlayer/SDK'
 Android NDK: '/Applications/Unity/Hub/Editor/6000.3.2f1/PlaybackEngines/AndroidPlayer/NDK'
 Gradle: '/Applications/Unity/Hub/Editor/6000.3.2f1/PlaybackEngines/AndroidPlayer/Tools/gradle' (Gradle Version: '8.13' Android Plugin Version: '8.10.0')
Android PostProcess task "Checking prerequisites" took 16.4138 ms
DisplayProgressbar: Detect Java Development Kit (JDK)
Android PostProcess task "Detect Java Development Kit (JDK)" took 97.7006 ms
DisplayProgressbar: Detecting Android SDK
AndroidSDKTools:

	root          : /Applications/Unity/Hub/Editor/6000.3.2f1/PlaybackEngines/AndroidPlayer/SDK
	cmdline-tools : /Applications/Unity/Hub/Editor/6000.3.2f1/PlaybackEngines/AndroidPlayer/SDK/cmdline-tools/16.0
	platform-tools: /Applications/Unity/Hub/Editor/6000.3.2f1/PlaybackEngines/AndroidPlayer/SDK/platform-tools
	build-tools   : /Applications/Unity/Hub/Editor/6000.3.2f1/PlaybackEngines/AndroidPlayer/SDK/build-tools/36.0.0

	adb           : /Applications/Unity/Hub/Editor/6000.3.2f1/PlaybackEngines/AndroidPlayer/SDK/platform-tools/adb

Android PostProcess task "Detecting Android SDK" took 2571.2527 ms
DisplayProgressbar: Detect Android NDK
Android PostProcess task "Detect Android NDK" took 0.3245 ms
Android PostProcess task "Trying to find a suitable Android device" took 0.1977 ms
DisplayProgressbar: Check resources
Android PostProcess task "Check resources" took 0.0792 ms
DisplayProgressbar: Check Android Player Settings
Android PostProcess task "Check Android Player Settings" took 0.96 ms
Launching external process: /Applications/Unity/Hub/Editor/6000.3.2f1/Unity.app/Contents/Helpers/UnityShaderCompiler
Launched and connected shader compiler UnityShaderCompiler after 0.02 seconds
[40m[32minfo[39m[22m[49m: Microsoft.AspNetCore.Hosting.Diagnostics[1]
      Request starting HTTP/2 POST http://ilpp/UnityILPP.PostProcessing/Ping application/grpc -
[40m[32minfo[39m[22m[49m: Microsoft.AspNetCore.Routing.EndpointMiddleware[0]
      Executing endpoint 'gRPC - /UnityILPP.PostProcessing/Ping'
[40m[32minfo[39m[22m[49m: Microsoft.AspNetCore.Routing.EndpointMiddleware[1]
      Executed endpoint 'gRPC - /UnityILPP.PostProcessing/Ping'
[40m[32minfo[39m[22m[49m: Microsoft.AspNetCore.Hosting.Diagnostics[2]
      Request finished HTTP/2 POST http://ilpp/UnityILPP.PostProcessing/Ping application/grpc - - 200 - application/grpc 0.9302ms
Starting: /Applications/Unity/Hub/Editor/6000.3.2f1/Unity.app/Contents/Resources/BuildPipeline/bee_backend --ipc --defer-dag-verification --dagfile="Library/Bee/1300b0aESkipCompile.dag" --continue-on-failure --profile="Library/Bee/backend1.traceevents" ScriptAssembliesAndTypeDB
WorkingDir: /Users/fit0721/Documents/GitHub/bigtwo/Unity
DisplayProgressbar: Compiling Scripts
ExitCode: 0 Duration: 0s131ms
[2/3        0s] BuildPlayerDataGenerator Library/BuildPlayerData/Editor/TypeDb-All.json
*** Tundra build success (0.12 seconds), 1 items updated, 3 evaluated
Asset Pipeline Refresh (id=a3876bc67be2d45efbd42bde5f284b6a): Total: 0.005 seconds - Initiated by RefreshV2(NoUpdateAssetOptions)
[ScriptCompilation] Requested script compilation because: Recompiling scripts for player build.
BuildPlayer: start building target 13
Total cache size 135218632
Total cache size after purge 135218632, took 00:00:00.0231746
[40m[32minfo[39m[22m[49m: Microsoft.AspNetCore.Hosting.Diagnostics[1]
      Request starting HTTP/2 POST http://ilpp/UnityILPP.PostProcessing/Ping application/grpc -
[40m[32minfo[39m[22m[49m: Microsoft.AspNetCore.Routing.EndpointMiddleware[0]
      Executing endpoint 'gRPC - /UnityILPP.PostProcessing/Ping'
[40m[32minfo[39m[22m[49m: Microsoft.AspNetCore.Routing.EndpointMiddleware[1]
      Executed endpoint 'gRPC - /UnityILPP.PostProcessing/Ping'
[40m[32minfo[39m[22m[49m: Microsoft.AspNetCore.Hosting.Diagnostics[2]
      Request finished HTTP/2 POST http://ilpp/UnityILPP.PostProcessing/Ping application/grpc - - 200 - application/grpc 0.2742ms
Starting: /Applications/Unity/Hub/Editor/6000.3.2f1/Unity.app/Contents/Resources/BuildPipeline/bee_backend --ipc --defer-dag-verification --dagfile="Library/Bee/1300b0aP.dag" --continue-on-failure --profile="Library/Bee/backend1.traceevents" ScriptAssembliesAndTypeDB
WorkingDir: /Users/fit0721/Documents/GitHub/bigtwo/Unity
Total cache size 135218632
Total cache size after purge 135218632, took 00:00:00.0173572
ExitCode: 0 Duration: 0s407ms
[73/87      0s] CopyFiles Library/Bee/PlayerScriptAssemblies/UnityEngine.UI.pdb
[75/87      0s] CopyFiles Library/Bee/PlayerScriptAssemblies/Unity.InternalAPIEngineBridge.004.pdb
[76/87      0s] CopyFiles Library/Bee/PlayerScriptAssemblies/Unity.InternalAPIEngineBridge.004.dll
[79/87      0s] CopyFiles Library/Bee/PlayerScriptAssemblies/UnityEngine.UI.dll
[80/87      0s] CopyFiles Library/Bee/PlayerScriptAssemblies/Unity.TextMeshPro.pdb
[81/87      0s] CopyFiles Library/Bee/PlayerScriptAssemblies/Unity.TextMeshPro.dll
[82/87      0s] Csc Library/Bee/artifacts/1300b0aP.dag/Assembly-CSharp.dll (+2 others)
[83/87      0s] CopyFiles Library/Bee/PlayerScriptAssemblies/Assembly-CSharp.dll
[84/87      0s] CopyFiles Library/Bee/PlayerScriptAssemblies/Assembly-CSharp.pdb
[86/87      0s] BuildPlayerDataGenerator Library/BuildPlayerData/Player/RuntimeInitializeOnLoads.json (+1 other)
*** Tundra build success (0.30 seconds), 10 items updated, 87 evaluated
Rebuilding Data files because ProjectSettings/ProjectSettings.asset is dirty (hash)
Opening scene 'Assets/test_bigtwo.unity'
Unloading 2 Unused Serialized files (Serialized files now loaded: 0)
Loaded scene 'Assets/test_bigtwo.unity'
	Deserialize:            0.715 ms
	Integration:            2.852 ms
	Integration of assets:  0.001 ms
	Thread Wait Time:       2.692 ms
	Total Operation Time:   6.260 ms
Unloading 23 unused Assets / (0.5 MB). Loaded Objects now: 1029.
Memory consumption went from 107.7 MB to 107.2 MB.
Total: 3.574875 ms (FindLiveObjects: 0.028125 ms CreateObjectMapping: 0.005875 ms MarkObjects: 3.373542 ms  DeleteObjects: 0.167166 ms)

Created GICache directory at /Users/fit0721/Library/Caches/com.unity3d.UnityEditor/GiCache. Took: 0.001s, timestamps: [10.320 - 10.322]
'AudioListener' is not supported because the module Audio is disabled in the build.
Included from scene: 'Assets/test_bigtwo.unity'
UnityEngine.Debug:ExtractStackTraceNoAlloc (byte*,int,string)
UnityEngine.StackTraceUtility:ExtractStackTrace () (at /Users/bokken/build/output/unity/unity/Runtime/Export/Scripting/StackTrace.cs:35)
UnityEditor.BuildPipeline:BuildPlayerInternalNoCheck (string[],string,string,UnityEditor.BuildTargetGroup,UnityEditor.BuildTarget,int,UnityEditor.BuildOptions,string[],bool)
UnityEditor.BuildPipeline:BuildPlayerInternal (string[],string,string,UnityEditor.BuildTargetGroup,UnityEditor.BuildTarget,int,UnityEditor.BuildOptions,string[]) (at /Users/bokken/build/output/unity/unity/Editor/Mono/BuildPipeline.bindings.cs:494)
UnityEditor.BuildPipeline:BuildPlayer (string[],string,string,UnityEditor.BuildTargetGroup,UnityEditor.BuildTarget,int,UnityEditor.BuildOptions,string[]) (at /Users/bokken/build/output/unity/unity/Editor/Mono/BuildPipeline.bindings.cs:410)
UnityEditor.BuildPipeline:BuildPlayer (UnityEditor.BuildPlayerOptions) (at /Users/bokken/build/output/unity/unity/Editor/Mono/BuildPipeline.bindings.cs:356)
BuildAutomation:BuildAndroidApk () (at Assets/Editor/BuildAutomation.cs:33)

[/Users/bokken/build/output/unity/unity/Editor/Mono/BuildPipeline.bindings.cs line 494]



Mono dependencies included in the build
Dependency assembly - System.ServiceProcess.dll
Dependency assembly - System.IO.UnmanagedMemoryStream.dll
Dependency assembly - System.Security.dll
Dependency assembly - System.IO.FileSystem.AccessControl.dll
Dependency assembly - System.Security.Principal.Windows.dll
Dependency assembly - System.Json.dll
Dependency assembly - System.Transactions.dll
Dependency assembly - System.Diagnostics.Tools.dll
Dependency assembly - System.Diagnostics.FileVersionInfo.dll
Dependency assembly - System.Net.Utilities.dll
Dependency assembly - System.DirectoryServices.Protocols.dll
Dependency assembly - System.Xaml.dll
Dependency assembly - System.ComponentModel.EventBasedAsync.dll
Dependency assembly - Unity.InternalAPIEngineBridge.004.dll
Dependency assembly - System.Diagnostics.TextWriterTraceListener.dll
Dependency assembly - System.Security.Cryptography.Hashing.dll
Dependency assembly - System.ComponentModel.Primitives.dll
Dependency assembly - Microsoft.CSharp.dll
Dependency assembly - System.Memory.dll
Dependency assembly - System.Web.DynamicData.dll
Dependency assembly - System.Security.Cryptography.RSA.dll
Dependency assembly - System.Core.dll
Dependency assembly - System.IO.Compression.dll
Dependency assembly - System.Collections.Concurrent.dll
Dependency assembly - System.ObjectModel.dll
Dependency assembly - System.ComponentModel.Composition.dll
Dependency assembly - System.Web.Extensions.dll
Dependency assembly - System.Drawing.Primitives.dll
Dependency assembly - System.IO.Pipes.dll
Dependency assembly - System.Runtime.Serialization.Primitives.dll
Dependency assembly - System.Runtime.Extensions.dll
Dependency assembly - System.ServiceModel.Routing.dll
Dependency assembly - System.Net.Security.dll
Dependency assembly - I18N.Other.dll
Dependency assembly - System.Windows.Forms.DataVisualization.dll
Dependency assembly - System.ServiceModel.NetTcp.dll
Dependency assembly - System.Threading.Timer.dll
Dependency assembly - Assembly-CSharp.dll
Dependency assembly - System.Threading.Overlapped.dll
Dependency assembly - System.Data.Services.dll
Dependency assembly - System.Net.Http.WebRequest.dll
Dependency assembly - System.Net.Mail.dll
Dependency assembly - System.Resources.Reader.dll
Dependency assembly - System.ServiceModel.Web.dll
Dependency assembly - System.Threading.Thread.dll
Dependency assembly - System.Runtime.DurableInstancing.dll
Dependency assembly - System.dll
Dependency assembly - System.Web.RegularExpressions.dll
Dependency assembly - System.ServiceProcess.ServiceController.dll
Dependency assembly - System.Numerics.Vectors.dll
Dependency assembly - System.Runtime.Loader.dll
Dependency assembly - System.Data.Linq.dll
Dependency assembly - System.Data.SqlClient.dll
Dependency assembly - System.Reflection.Emit.dll
Dependency assembly - System.Runtime.InteropServices.RuntimeInformation.dll
Dependency assembly - System.Numerics.dll
Dependency assembly - System.Net.WebSockets.Client.dll
Dependency assembly - System.Net.Cache.dll
Dependency assembly - System.Linq.Expressions.dll
Dependency assembly - System.Xml.dll
Dependency assembly - System.IO.FileSystem.Primitives.dll
Dependency assembly - System.Security.Cryptography.Pkcs.dll
Dependency assembly - System.Security.Cryptography.ProtectedData.dll
Dependency assembly - System.Net.Http.dll
Dependency assembly - System.IO.FileSystem.DriveInfo.dll
Dependency assembly - System.Security.Cryptography.DeriveBytes.dll
Dependency assembly - Microsoft.Win32.Primitives.dll
Dependency assembly - System.IO.FileSystem.Watcher.dll
Dependency assembly - System.Xml.Linq.dll
Dependency assembly - System.Security.SecureString.dll
Dependency assembly - Microsoft.Win32.Registry.AccessControl.dll
Dependency assembly - System.Linq.Queryable.dll
Dependency assembly - System.Security.Cryptography.Csp.dll
Dependency assembly - System.Dynamic.Runtime.dll
Dependency assembly - System.Reflection.Context.dll
Dependency assembly - System.Data.OracleClient.dll
Dependency assembly - System.Security.Cryptography.Algorithms.dll
Dependency assembly - System.Reflection.DispatchProxy.dll
Dependency assembly - System.DirectoryServices.dll
Dependency assembly - System.Text.Encoding.CodePages.dll
Dependency assembly - System.Windows.Forms.dll
Dependency assembly - System.Reflection.dll
Dependency assembly - System.Security.Cryptography.Encryption.Aes.dll
Dependency assembly - System.Windows.dll
Dependency assembly - System.Console.dll
Dependency assembly - System.Net.WebHeaderCollection.dll
Dependency assembly - System.Xml.XPath.dll
Dependency assembly - System.Security.Cryptography.Encryption.ECDiffieHellman.dll
Dependency assembly - System.Runtime.Remoting.dll
Dependency assembly - System.AppContext.dll
Dependency assembly - System.Runtime.Serialization.Xml.dll
Dependency assembly - System.Security.Cryptography.Encryption.dll
Dependency assembly - System.ServiceModel.Http.dll
Dependency assembly - System.Security.Cryptography.Hashing.Algorithms.dll
Dependency assembly - System.Data.Common.dll
Dependency assembly - System.Reflection.Emit.Lightweight.dll
Dependency assembly - System.Threading.dll
Dependency assembly - System.Diagnostics.StackTrace.dll
Dependency assembly - System.Web.Services.dll
Dependency assembly - System.IO.IsolatedStorage.dll
Dependency assembly - System.Net.AuthenticationManager.dll
Dependency assembly - System.Collections.NonGeneric.dll
Dependency assembly - System.Data.Entity.dll
Dependency assembly - System.ComponentModel.dll
Dependency assembly - Mono.Data.Sqlite.dll
Dependency assembly - System.Xml.ReaderWriter.dll
Dependency assembly - System.Runtime.CompilerServices.VisualC.dll
Dependency assembly - System.IO.FileSystem.dll
Dependency assembly - System.Configuration.dll
Dependency assembly - System.Data.Services.Client.dll
Dependency assembly - System.Security.Claims.dll
Dependency assembly - System.Threading.AccessControl.dll
Dependency assembly - System.IdentityModel.dll
Dependency assembly - System.Runtime.Handles.dll
Dependency assembly - System.Net.Ping.dll
Dependency assembly - System.ComponentModel.DataAnnotations.dll
Dependency assembly - System.Globalization.Calendars.dll
Dependency assembly - System.Xml.XmlDocument.dll
Dependency assembly - System.Globalization.Extensions.dll
Dependency assembly - System.Security.Cryptography.Encoding.dll
Dependency assembly - System.ServiceModel.Security.dll
Dependency assembly - System.Reflection.Primitives.dll
Dependency assembly - System.ServiceModel.Discovery.dll
Dependency assembly - Mono.Data.Tds.dll
Dependency assembly - System.Resources.Writer.dll
Dependency assembly - System.Runtime.dll
Dependency assembly - System.Xml.Serialization.dll
Dependency assembly - System.Security.AccessControl.dll
Dependency assembly - UnityEngine.UI.dll
Dependency assembly - System.Security.Cryptography.OpenSsl.dll
Dependency assembly - System.Runtime.Caching.dll
Dependency assembly - System.Runtime.Serialization.Formatters.Soap.dll
Dependency assembly - System.Threading.ThreadPool.dll
Dependency assembly - System.Runtime.Serialization.dll
Dependency assembly - I18N.CJK.dll
Dependency assembly - System.Security.Cryptography.RandomNumberGenerator.dll
Dependency assembly - System.IdentityModel.Selectors.dll
Dependency assembly - System.Linq.dll
Dependency assembly - System.Threading.Tasks.Extensions.dll
Dependency assembly - System.Xml.XPath.XmlDocument.dll
Dependency assembly - System.Data.DataSetExtensions.dll
Dependency assembly - System.Reflection.Emit.ILGeneration.dll
Dependency assembly - Accessibility.dll
Dependency assembly - System.EnterpriseServices.dll
Dependency assembly - System.Management.dll
Dependency assembly - System.ComponentModel.TypeConverter.dll
Dependency assembly - System.ComponentModel.Annotations.dll
Dependency assembly - System.Security.Principal.dll
Dependency assembly - System.Collections.Specialized.dll
Dependency assembly - System.Runtime.Numerics.dll
Dependency assembly - System.Xml.XPath.XDocument.dll
Dependency assembly - System.Globalization.dll
Dependency assembly - System.Net.Sockets.dll
Dependency assembly - Unity.TextMeshPro.dll
Dependency assembly - System.Runtime.Serialization.Json.dll
Dependency assembly - System.Security.Cryptography.Cng.dll
Dependency assembly - System.Xml.XmlSerializer.dll
Dependency assembly - System.Configuration.Install.dll
Dependency assembly - System.Net.dll
Dependency assembly - System.Web.dll
Dependency assembly - System.Threading.Tasks.Parallel.dll
Dependency assembly - System.Diagnostics.TraceSource.dll
Dependency assembly - System.Text.RegularExpressions.dll
Dependency assembly - Mono.Security.dll
Dependency assembly - System.Messaging.dll
Dependency assembly - I18N.MidEast.dll
Dependency assembly - System.Resources.ResourceManager.dll
Dependency assembly - System.Drawing.dll
Dependency assembly - System.Reflection.TypeExtensions.dll
Dependency assembly - System.Xml.XDocument.dll
Dependency assembly - System.Runtime.InteropServices.WindowsRuntime.dll
Dependency assembly - System.Security.Cryptography.Primitives.dll
Dependency assembly - System.Threading.Tasks.dll
Dependency assembly - System.IO.Compression.FileSystem.dll
Dependency assembly - netstandard.dll
Dependency assembly - System.Web.ApplicationServices.dll
Dependency assembly - System.Runtime.InteropServices.dll
Dependency assembly - System.IO.dll
Dependency assembly - System.Net.Requests.dll
Dependency assembly - System.ServiceModel.Primitives.dll
Dependency assembly - System.Text.Encoding.Extensions.dll
Dependency assembly - System.ServiceModel.Internals.dll
Dependency assembly - System.Net.ServicePoint.dll
Dependency assembly - Microsoft.Win32.Registry.dll
Dependency assembly - System.Collections.dll
Dependency assembly - System.Net.WebSockets.dll
Dependency assembly - System.Diagnostics.Debug.dll
Dependency assembly - System.Xml.Xsl.Primitives.dll
Dependency assembly - System.Security.Cryptography.X509Certificates.dll
Dependency assembly - I18N.West.dll
Dependency assembly - System.Runtime.Serialization.Formatters.dll
Dependency assembly - System.Diagnostics.Contracts.dll
Dependency assembly - I18N.Rare.dll
Dependency assembly - System.Net.Primitives.dll
Dependency assembly - System.Diagnostics.TraceEvent.dll
Dependency assembly - System.Linq.Parallel.dll
Dependency assembly - System.IO.MemoryMappedFiles.dll
Dependency assembly - System.ServiceModel.dll
Dependency assembly - System.Security.Cryptography.Encryption.ECDsa.dll
Dependency assembly - System.Reflection.Extensions.dll
Dependency assembly - System.Buffers.dll
Dependency assembly - System.Resources.ReaderWriter.dll
Dependency assembly - System.ValueTuple.dll
Dependency assembly - System.Net.NameResolution.dll
Dependency assembly - System.IO.Compression.ZipFile.dll
Dependency assembly - System.ServiceModel.Activation.dll
Dependency assembly - System.Text.Encoding.dll
Dependency assembly - System.Diagnostics.Tracing.dll
Dependency assembly - System.ServiceModel.Duplex.dll
Dependency assembly - System.Net.NetworkInformation.dll
Dependency assembly - System.Net.HttpListener.dll
Dependency assembly - I18N.dll
Dependency assembly - System.Web.Extensions.Design.dll
Dependency assembly - System.Diagnostics.Process.dll
Dependency assembly - mscorlib.dll
Dependency assembly - System.Data.dll
Dependency assembly - System.Design.dll
Dependency assembly - System.Drawing.Design.dll

DisplayProgressbar: Fetching assembly references
Unloading 2 Unused Serialized files (Serialized files now loaded: 0)
Unloading 19 unused Assets / (0.5 MB). Loaded Objects now: 1026.
Memory consumption went from 109.9 MB to 109.4 MB.
Total: 3.641125 ms (FindLiveObjects: 0.022083 ms CreateObjectMapping: 0.005875 ms MarkObjects: 3.470750 ms  DeleteObjects: 0.142208 ms)

Unloading 0 Unused Serialized files (Serialized files now loaded: 0)
Unloading 0 unused Assets / (0 B). Loaded Objects now: 1026.
Memory consumption went from 109.3 MB to 109.3 MB.
Total: 2.963708 ms (FindLiveObjects: 0.021292 ms CreateObjectMapping: 0.007666 ms MarkObjects: 2.933125 ms  DeleteObjects: 0.001500 ms)

Unloading 1 Unused Serialized files (Serialized files now loaded: 0)
Unloading 176 unused Assets / (146.3 MB). Loaded Objects now: 1026.
Memory consumption went from 256.6 MB to 110.4 MB.
Total: 9.287291 ms (FindLiveObjects: 0.019500 ms CreateObjectMapping: 0.006500 ms MarkObjects: 3.160042 ms  DeleteObjects: 6.100958 ms)

Compiling shader "Skybox/Procedural" pass "" (vp)
    Target graphics API: gles3
    Full variant space:         3
    After settings filtering:   3
    After built-in stripping:   9
    After scriptable stripping: 9
    Processed in 0.00 seconds
    starting compilation...
    Target graphics API: vulkan
    Full variant space:         3
    After settings filtering:   3
    After built-in stripping:   9
    After scriptable stripping: 9
    Processed in 0.00 seconds
    starting compilation...
    gles3 finished in 0.00 seconds. Local cache hits 9 (0.00s CPU time), remote cache hits 0 (0.00s CPU time), compiled 0 variants (0.00s CPU time), skipped 0 variants
    vulkan finished in 0.00 seconds. Local cache hits 9 (0.00s CPU time), remote cache hits 0 (0.00s CPU time), compiled 0 variants (0.00s CPU time), skipped 0 variants
    Prepared data for serialisation in 0.00s
Serialized binary data for shader Skybox/Procedural in 0.00s
    gles3 (total internal programs: 9, unique: 3)
    vulkan (total internal programs: 9, unique: 3)
Compiling shader "Legacy Shaders/VertexLit" pass "" (vp)
    Target graphics API: gles3
    Full variant space:         12
    After settings filtering:   12
    After built-in stripping:   9
    After scriptable stripping: 9
    Processed in 0.00 seconds
    starting compilation...
    Target graphics API: vulkan
    Full variant space:         12
    After settings filtering:   12
    After built-in stripping:   9
    After scriptable stripping: 9
    Processed in 0.00 seconds
    starting compilation...
Compiling shader "Legacy Shaders/VertexLit" pass "" (vp)
    Target graphics API: gles3
    Full variant space:         4
    After settings filtering:   4
    After built-in stripping:   3
    After scriptable stripping: 3
    Processed in 0.00 seconds
    starting compilation...
    Target graphics API: vulkan
    Full variant space:         4
    After settings filtering:   4
    After built-in stripping:   3
    After scriptable stripping: 3
    Processed in 0.00 seconds
    starting compilation...
Compiling shader "Legacy Shaders/VertexLit" pass "ShadowCaster" (vp)
    Target graphics API: gles3
    Full variant space:         4
    After settings filtering:   4
    After built-in stripping:   6
    After scriptable stripping: 6
    Processed in 0.00 seconds
    starting compilation...
    Target graphics API: vulkan
    Full variant space:         4
    After settings filtering:   4
    After built-in stripping:   6
    After scriptable stripping: 6
    Processed in 0.00 seconds
    starting compilation...
    gles3 finished in 0.00 seconds. Local cache hits 9 (0.00s CPU time), remote cache hits 0 (0.00s CPU time), compiled 0 variants (0.00s CPU time), skipped 0 variants
    vulkan finished in 0.00 seconds. Local cache hits 9 (0.00s CPU time), remote cache hits 0 (0.00s CPU time), compiled 0 variants (0.00s CPU time), skipped 0 variants
    Prepared data for serialisation in 0.00s
    gles3 finished in 0.00 seconds. Local cache hits 3 (0.00s CPU time), remote cache hits 0 (0.00s CPU time), compiled 0 variants (0.00s CPU time), skipped 0 variants
    vulkan finished in 0.00 seconds. Local cache hits 3 (0.00s CPU time), remote cache hits 0 (0.00s CPU time), compiled 0 variants (0.00s CPU time), skipped 0 variants
    Prepared data for serialisation in 0.00s
    gles3 finished in 0.00 seconds. Local cache hits 6 (0.00s CPU time), remote cache hits 0 (0.00s CPU time), compiled 0 variants (0.00s CPU time), skipped 0 variants
    vulkan finished in 0.00 seconds. Local cache hits 6 (0.00s CPU time), remote cache hits 0 (0.00s CPU time), compiled 0 variants (0.00s CPU time), skipped 0 variants
    Prepared data for serialisation in 0.00s
Serialized binary data for shader Legacy Shaders/VertexLit in 0.00s
    gles3 (total internal programs: 18, unique: 6)
    vulkan (total internal programs: 18, unique: 6)
Compiling shader "Legacy Shaders/Diffuse" pass "FORWARD" (vp)
    Target graphics API: gles3
    Full variant space:         664
    After settings filtering:   664
    After built-in stripping:   24
    After scriptable stripping: 24
    Processed in 0.00 seconds
    starting compilation...
    Target graphics API: vulkan
    Full variant space:         664
    After settings filtering:   664
    After built-in stripping:   24
    After scriptable stripping: 24
    Processed in 0.00 seconds
    starting compilation...
Compiling shader "Legacy Shaders/Diffuse" pass "FORWARD" (vp)
    Target graphics API: gles3
    Full variant space:         20
    After settings filtering:   20
    After built-in stripping:   15
    After scriptable stripping: 15
    Processed in 0.00 seconds
    starting compilation...
    Target graphics API: vulkan
    Full variant space:         20
    After settings filtering:   20
    After built-in stripping:   15
    After scriptable stripping: 15
    Processed in 0.00 seconds
    starting compilation...
Compiling shader "Legacy Shaders/Diffuse" pass "DEFERRED" (vp)
    Target graphics API: gles3
    Full variant space:         76
    After settings filtering:   76
    After built-in stripping:   12
    After scriptable stripping: 12
    Processed in 0.00 seconds
    starting compilation...
    Target graphics API: vulkan
    Full variant space:         76
    After settings filtering:   76
    After built-in stripping:   12
    After scriptable stripping: 12
    Processed in 0.00 seconds
    starting compilation...
    gles3 finished in 0.00 seconds. Local cache hits 24 (0.01s CPU time), remote cache hits 0 (0.00s CPU time), compiled 0 variants (0.00s CPU time), skipped 0 variants
    vulkan finished in 0.00 seconds. Local cache hits 24 (0.01s CPU time), remote cache hits 0 (0.00s CPU time), compiled 0 variants (0.00s CPU time), skipped 0 variants
    Prepared data for serialisation in 0.00s
    gles3 finished in 0.00 seconds. Local cache hits 15 (0.01s CPU time), remote cache hits 0 (0.00s CPU time), compiled 0 variants (0.00s CPU time), skipped 0 variants
    vulkan finished in 0.00 seconds. Local cache hits 15 (0.01s CPU time), remote cache hits 0 (0.00s CPU time), compiled 0 variants (0.00s CPU time), skipped 0 variants
    Prepared data for serialisation in 0.00s
    gles3 finished in 0.00 seconds. Local cache hits 12 (0.00s CPU time), remote cache hits 0 (0.00s CPU time), compiled 0 variants (0.00s CPU time), skipped 0 variants
    vulkan finished in 0.00 seconds. Local cache hits 12 (0.00s CPU time), remote cache hits 0 (0.00s CPU time), compiled 0 variants (0.00s CPU time), skipped 0 variants
    Prepared data for serialisation in 0.00s
Serialized binary data for shader Legacy Shaders/Diffuse in 0.00s
    gles3 (total internal programs: 51, unique: 17)
    vulkan (total internal programs: 51, unique: 17)
Compiling shader "Hidden/Internal-StencilWrite" pass "" (vp)
    Target graphics API: gles3
    Full variant space:         1
    After settings filtering:   1
    After built-in stripping:   3
    After scriptable stripping: 3
    Processed in 0.00 seconds
    starting compilation...
    Target graphics API: vulkan
    Full variant space:         1
    After settings filtering:   1
    After built-in stripping:   3
    After scriptable stripping: 3
    Processed in 0.00 seconds
    starting compilation...
    gles3 finished in 0.00 seconds. Local cache hits 3 (0.00s CPU time), remote cache hits 0 (0.00s CPU time), compiled 0 variants (0.00s CPU time), skipped 0 variants
    vulkan finished in 0.00 seconds. Local cache hits 3 (0.00s CPU time), remote cache hits 0 (0.00s CPU time), compiled 0 variants (0.00s CPU time), skipped 0 variants
    Prepared data for serialisation in 0.00s
Serialized binary data for shader Hidden/Internal-StencilWrite in 0.00s
    gles3 (total internal programs: 3, unique: 1)
    vulkan (total internal programs: 3, unique: 1)
Compiling shader "Hidden/Internal-DepthNormalsTexture" pass "" (vp)
    Target graphics API: gles3
    Full variant space:         1
    After settings filtering:   1
    After built-in stripping:   3
    After scriptable stripping: 3
    Processed in 0.00 seconds
    starting compilation...
    Target graphics API: vulkan
    Full variant space:         1
    After settings filtering:   1
    After built-in stripping:   3
    After scriptable stripping: 3
    Processed in 0.00 seconds
    starting compilation...
Compiling shader "Hidden/Internal-DepthNormalsTexture" pass "" (vp)
    Target graphics API: gles3
    Full variant space:         1
    After settings filtering:   1
    After built-in stripping:   3
    After scriptable stripping: 3
    Processed in 0.00 seconds
    starting compilation...
    Target graphics API: vulkan
    Full variant space:         1
    After settings filtering:   1
    After built-in stripping:   3
    After scriptable stripping: 3
    Processed in 0.00 seconds
    starting compilation...
Compiling shader "Hidden/Internal-DepthNormalsTexture" pass "" (vp)
    Target graphics API: gles3
    Full variant space:         1
    After settings filtering:   1
    After built-in stripping:   3
    After scriptable stripping: 3
    Processed in 0.00 seconds
    starting compilation...
    Target graphics API: vulkan
    Full variant space:         1
    After settings filtering:   1
    After built-in stripping:   3
    After scriptable stripping: 3
    Processed in 0.00 seconds
    starting compilation...
Compiling shader "Hidden/Internal-DepthNormalsTexture" pass "" (vp)
    Target graphics API: gles3
    Full variant space:         1
    After settings filtering:   1
    After built-in stripping:   3
    After scriptable stripping: 3
    Processed in 0.00 seconds
    starting compilation...
    Target graphics API: vulkan
    Full variant space:         1
    After settings filtering:   1
    After built-in stripping:   3
    After scriptable stripping: 3
    Processed in 0.00 seconds
    starting compilation...
Compiling shader "Hidden/Internal-DepthNormalsTexture" pass "" (vp)
    Target graphics API: gles3
    Full variant space:         1
    After settings filtering:   1
    After built-in stripping:   3
    After scriptable stripping: 3
    Processed in 0.00 seconds
    starting compilation...
    Target graphics API: vulkan
    Full variant space:         1
    After settings filtering:   1
    After built-in stripping:   3
    After scriptable stripping: 3
    Processed in 0.00 seconds
    starting compilation...
Compiling shader "Hidden/Internal-DepthNormalsTexture" pass "" (vp)
    Target graphics API: gles3
    Full variant space:         1
    After settings filtering:   1
    After built-in stripping:   3
    After scriptable stripping: 3
    Processed in 0.00 seconds
    starting compilation...
    Target graphics API: vulkan
    Full variant space:         1
    After settings filtering:   1
    After built-in stripping:   3
    After scriptable stripping: 3
    Processed in 0.00 seconds
    starting compilation...
Compiling shader "Hidden/Internal-DepthNormalsTexture" pass "" (vp)
    Target graphics API: gles3
    Full variant space:         1
    After settings filtering:   1
    After built-in stripping:   3
    After scriptable stripping: 3
    Processed in 0.00 seconds
    starting compilation...
    Target graphics API: vulkan
    Full variant space:         1
    After settings filtering:   1
    After built-in stripping:   3
    After scriptable stripping: 3
    Processed in 0.00 seconds
    starting compilation...
Compiling shader "Hidden/Internal-DepthNormalsTexture" pass "" (vp)
    Target graphics API: gles3
    Full variant space:         1
    After settings filtering:   1
    After built-in stripping:   3
    After scriptable stripping: 3
    Processed in 0.00 seconds
    starting compilation...
    Target graphics API: vulkan
    Full variant space:         1
    After settings filtering:   1
    After built-in stripping:   3
    After scriptable stripping: 3
    Processed in 0.00 seconds
    starting compilation...
Compiling shader "Hidden/Internal-DepthNormalsTexture" pass "" (vp)
    Target graphics API: gles3
    Full variant space:         1
    After settings filtering:   1
    After built-in stripping:   3
    After scriptable stripping: 3
    Processed in 0.00 seconds
    starting compilation...
    Target graphics API: vulkan
    Full variant space:         1
    After settings filtering:   1
    After built-in stripping:   3
    After scriptable stripping: 3
    Processed in 0.00 seconds
    starting compilation...
Compiling shader "Hidden/Internal-DepthNormalsTexture" pass "" (vp)
    Target graphics API: gles3
    Full variant space:         1
    After settings filtering:   1
    After built-in stripping:   3
    After scriptable stripping: 3
    Processed in 0.00 seconds
    starting compilation...
    Target graphics API: vulkan
    Full variant space:         1
    After settings filtering:   1
    After built-in stripping:   3
    After scriptable stripping: 3
    Processed in 0.00 seconds
    starting compilation...
    gles3 finished in 0.00 seconds. Local cache hits 3 (0.00s CPU time), remote cache hits 0 (0.00s CPU time), compiled 0 variants (0.00s CPU time), skipped 0 variants
    vulkan finished in 0.00 seconds. Local cache hits 3 (0.00s CPU time), remote cache hits 0 (0.00s CPU time), compiled 0 variants (0.00s CPU time), skipped 0 variants
    Prepared data for serialisation in 0.00s
    gles3 finished in 0.00 seconds. Local cache hits 3 (0.00s CPU time), remote cache hits 0 (0.00s CPU time), compiled 0 variants (0.00s CPU time), skipped 0 variants
    vulkan finished in 0.00 seconds. Local cache hits 3 (0.00s CPU time), remote cache hits 0 (0.00s CPU time), compiled 0 variants (0.00s CPU time), skipped 0 variants
    Prepared data for serialisation in 0.00s
    gles3 finished in 0.00 seconds. Local cache hits 3 (0.00s CPU time), remote cache hits 0 (0.00s CPU time), compiled 0 variants (0.00s CPU time), skipped 0 variants
    vulkan finished in 0.00 seconds. Local cache hits 3 (0.00s CPU time), remote cache hits 0 (0.00s CPU time), compiled 0 variants (0.00s CPU time), skipped 0 variants
    Prepared data for serialisation in 0.00s
    gles3 finished in 0.00 seconds. Local cache hits 3 (0.00s CPU time), remote cache hits 0 (0.00s CPU time), compiled 0 variants (0.00s CPU time), skipped 0 variants
    vulkan finished in 0.00 seconds. Local cache hits 3 (0.00s CPU time), remote cache hits 0 (0.00s CPU time), compiled 0 variants (0.00s CPU time), skipped 0 variants
    Prepared data for serialisation in 0.00s
    gles3 finished in 0.00 seconds. Local cache hits 3 (0.00s CPU time), remote cache hits 0 (0.00s CPU time), compiled 0 variants (0.00s CPU time), skipped 0 variants
    vulkan finished in 0.00 seconds. Local cache hits 3 (0.00s CPU time), remote cache hits 0 (0.00s CPU time), compiled 0 variants (0.00s CPU time), skipped 0 variants
    Prepared data for serialisation in 0.00s
    gles3 finished in 0.00 seconds. Local cache hits 3 (0.00s CPU time), remote cache hits 0 (0.00s CPU time), compiled 0 variants (0.00s CPU time), skipped 0 variants
    vulkan finished in 0.00 seconds. Local cache hits 3 (0.00s CPU time), remote cache hits 0 (0.00s CPU time), compiled 0 variants (0.00s CPU time), skipped 0 variants
    Prepared data for serialisation in 0.00s
    gles3 finished in 0.00 seconds. Local cache hits 3 (0.00s CPU time), remote cache hits 0 (0.00s CPU time), compiled 0 variants (0.00s CPU time), skipped 0 variants
    vulkan finished in 0.00 seconds. Local cache hits 3 (0.00s CPU time), remote cache hits 0 (0.00s CPU time), compiled 0 variants (0.00s CPU time), skipped 0 variants
    Prepared data for serialisation in 0.00s
    gles3 finished in 0.00 seconds. Local cache hits 3 (0.00s CPU time), remote cache hits 0 (0.00s CPU time), compiled 0 variants (0.00s CPU time), skipped 0 variants
    vulkan finished in 0.00 seconds. Local cache hits 3 (0.00s CPU time), remote cache hits 0 (0.00s CPU time), compiled 0 variants (0.00s CPU time), skipped 0 variants
    Prepared data for serialisation in 0.00s
    gles3 finished in 0.00 seconds. Local cache hits 3 (0.00s CPU time), remote cache hits 0 (0.00s CPU time), compiled 0 variants (0.00s CPU time), skipped 0 variants
    vulkan finished in 0.00 seconds. Local cache hits 3 (0.00s CPU time), remote cache hits 0 (0.00s CPU time), compiled 0 variants (0.00s CPU time), skipped 0 variants
    Prepared data for serialisation in 0.00s
    gles3 finished in 0.00 seconds. Local cache hits 3 (0.00s CPU time), remote cache hits 0 (0.00s CPU time), compiled 0 variants (0.00s CPU time), skipped 0 variants
    vulkan finished in 0.00 seconds. Local cache hits 3 (0.00s CPU time), remote cache hits 0 (0.00s CPU time), compiled 0 variants (0.00s CPU time), skipped 0 variants
    Prepared data for serialisation in 0.00s
Serialized binary data for shader Hidden/Internal-DepthNormalsTexture in 0.00s
    gles3 (total internal programs: 30, unique: 10)
    vulkan (total internal programs: 30, unique: 10)
Compiling shader "Hidden/Internal-ScreenSpaceShadows" pass "" (vp)
    Target graphics API: gles3
    Full variant space:         4
    After settings filtering:   4
    After built-in stripping:   12
    After scriptable stripping: 12
    Processed in 0.00 seconds
    starting compilation...
    Target graphics API: vulkan
    Full variant space:         4
    After settings filtering:   4
    After built-in stripping:   12
    After scriptable stripping: 12
    Processed in 0.00 seconds
    starting compilation...
Compiling shader "Hidden/Internal-ScreenSpaceShadows" pass "" (vp)
    Target graphics API: gles3
    Full variant space:         4
    After settings filtering:   4
    After built-in stripping:   12
    After scriptable stripping: 12
    Processed in 0.00 seconds
    starting compilation...
    Target graphics API: vulkan
    Full variant space:         4
    After settings filtering:   4
    After built-in stripping:   12
    After scriptable stripping: 12
    Processed in 0.00 seconds
    starting compilation...
Compiling shader "Hidden/Internal-ScreenSpaceShadows" pass "" (vp)
    Target graphics API: gles3
    Full variant space:         4
    After settings filtering:   4
    After built-in stripping:   12
    After scriptable stripping: 12
    Processed in 0.00 seconds
    starting compilation...
    Target graphics API: vulkan
    Full variant space:         4
    After settings filtering:   4
    After built-in stripping:   12
    After scriptable stripping: 12
    Processed in 0.00 seconds
    starting compilation...
Compiling shader "Hidden/Internal-ScreenSpaceShadows" pass "" (vp)
    Target graphics API: gles3
    Full variant space:         4
    After settings filtering:   4
    After built-in stripping:   12
    After scriptable stripping: 12
    Processed in 0.00 seconds
    starting compilation...
    Target graphics API: vulkan
    Full variant space:         4
    After settings filtering:   4
    After built-in stripping:   12
    After scriptable stripping: 12
    Processed in 0.00 seconds
    starting compilation...
    gles3 finished in 0.00 seconds. Local cache hits 12 (0.00s CPU time), remote cache hits 0 (0.00s CPU time), compiled 0 variants (0.00s CPU time), skipped 0 variants
    vulkan finished in 0.00 seconds. Local cache hits 12 (0.01s CPU time), remote cache hits 0 (0.00s CPU time), compiled 0 variants (0.00s CPU time), skipped 0 variants
    Prepared data for serialisation in 0.00s
    gles3 finished in 0.00 seconds. Local cache hits 12 (0.01s CPU time), remote cache hits 0 (0.00s CPU time), compiled 0 variants (0.00s CPU time), skipped 0 variants
    vulkan finished in 0.00 seconds. Local cache hits 12 (0.00s CPU time), remote cache hits 0 (0.00s CPU time), compiled 0 variants (0.00s CPU time), skipped 0 variants
    Prepared data for serialisation in 0.00s
    gles3 finished in 0.00 seconds. Local cache hits 12 (0.00s CPU time), remote cache hits 0 (0.00s CPU time), compiled 0 variants (0.00s CPU time), skipped 0 variants
    vulkan finished in 0.00 seconds. Local cache hits 12 (0.00s CPU time), remote cache hits 0 (0.00s CPU time), compiled 0 variants (0.00s CPU time), skipped 0 variants
    Prepared data for serialisation in 0.00s
    gles3 finished in 0.00 seconds. Local cache hits 12 (0.00s CPU time), remote cache hits 0 (0.00s CPU time), compiled 0 variants (0.00s CPU time), skipped 0 variants
    vulkan finished in 0.00 seconds. Local cache hits 12 (0.00s CPU time), remote cache hits 0 (0.00s CPU time), compiled 0 variants (0.00s CPU time), skipped 0 variants
    Prepared data for serialisation in 0.00s
Serialized binary data for shader Hidden/Internal-ScreenSpaceShadows in 0.00s
    gles3 (total internal programs: 48, unique: 16)
    vulkan (total internal programs: 48, unique: 16)
Compiling shader "Hidden/Internal-CombineDepthNormals" pass "" (vp)
    Target graphics API: gles3
    Full variant space:         1
    After settings filtering:   1
    After built-in stripping:   3
    After scriptable stripping: 3
    Processed in 0.00 seconds
    starting compilation...
    Target graphics API: vulkan
    Full variant space:         1
    After settings filtering:   1
    After built-in stripping:   3
    After scriptable stripping: 3
    Processed in 0.00 seconds
    starting compilation...
    gles3 finished in 0.00 seconds. Local cache hits 3 (0.00s CPU time), remote cache hits 0 (0.00s CPU time), compiled 0 variants (0.00s CPU time), skipped 0 variants
    vulkan finished in 0.00 seconds. Local cache hits 3 (0.00s CPU time), remote cache hits 0 (0.00s CPU time), compiled 0 variants (0.00s CPU time), skipped 0 variants
    Prepared data for serialisation in 0.00s
Serialized binary data for shader Hidden/Internal-CombineDepthNormals in 0.00s
    gles3 (total internal programs: 3, unique: 1)
    vulkan (total internal programs: 3, unique: 1)
Compiling shader "Hidden/BlitCopy" pass "" (vp)
    Target graphics API: gles3
    Full variant space:         1
    After settings filtering:   1
    After built-in stripping:   3
    After scriptable stripping: 3
    Processed in 0.00 seconds
    starting compilation...
    Target graphics API: vulkan
    Full variant space:         1
    After settings filtering:   1
    After built-in stripping:   3
    After scriptable stripping: 3
    Processed in 0.00 seconds
    starting compilation...
    gles3 finished in 0.00 seconds. Local cache hits 3 (0.00s CPU time), remote cache hits 0 (0.00s CPU time), compiled 0 variants (0.00s CPU time), skipped 0 variants
    vulkan finished in 0.00 seconds. Local cache hits 3 (0.00s CPU time), remote cache hits 0 (0.00s CPU time), compiled 0 variants (0.00s CPU time), skipped 0 variants
    Prepared data for serialisation in 0.00s
Serialized binary data for shader Hidden/BlitCopy in 0.00s
    gles3 (total internal programs: 3, unique: 1)
    vulkan (total internal programs: 3, unique: 1)
Compiling shader "Hidden/BlitCopyDepth" pass "" (vp)
    Target graphics API: gles3
    Full variant space:         1
    After settings filtering:   1
    After built-in stripping:   3
    After scriptable stripping: 3
    Processed in 0.00 seconds
    starting compilation...
    Target graphics API: vulkan
    Full variant space:         1
    After settings filtering:   1
    After built-in stripping:   3
    After scriptable stripping: 3
    Processed in 0.00 seconds
    starting compilation...
    gles3 finished in 0.00 seconds. Local cache hits 3 (0.00s CPU time), remote cache hits 0 (0.00s CPU time), compiled 0 variants (0.00s CPU time), skipped 0 variants
    vulkan finished in 0.00 seconds. Local cache hits 3 (0.00s CPU time), remote cache hits 0 (0.00s CPU time), compiled 0 variants (0.00s CPU time), skipped 0 variants
    Prepared data for serialisation in 0.00s
Serialized binary data for shader Hidden/BlitCopyDepth in 0.00s
    gles3 (total internal programs: 3, unique: 1)
    vulkan (total internal programs: 3, unique: 1)
Compiling shader "Hidden/ConvertTexture" pass "" (vp)
    Target graphics API: gles3
    Full variant space:         1
    After settings filtering:   1
    After built-in stripping:   3
    After scriptable stripping: 3
    Processed in 0.00 seconds
    starting compilation...
    Target graphics API: vulkan
    Full variant space:         1
    After settings filtering:   1
    After built-in stripping:   3
    After scriptable stripping: 3
    Processed in 0.00 seconds
    starting compilation...
    gles3 finished in 0.00 seconds. Local cache hits 3 (0.00s CPU time), remote cache hits 0 (0.00s CPU time), compiled 0 variants (0.00s CPU time), skipped 0 variants
    vulkan finished in 0.00 seconds. Local cache hits 3 (0.00s CPU time), remote cache hits 0 (0.00s CPU time), compiled 0 variants (0.00s CPU time), skipped 0 variants
    Prepared data for serialisation in 0.00s
Serialized binary data for shader Hidden/ConvertTexture in 0.00s
    gles3 (total internal programs: 3, unique: 1)
    vulkan (total internal programs: 3, unique: 1)
Compiling shader "Hidden/Internal-DeferredShading" pass "" (vp)
    Target graphics API: gles3
    Full variant space:         94
    After settings filtering:   94
    After built-in stripping:   78
    After scriptable stripping: 78
    Processed in 0.00 seconds
    starting compilation...
    Target graphics API: vulkan
    Full variant space:         94
    After settings filtering:   94
    After built-in stripping:   78
    After scriptable stripping: 78
    Processed in 0.00 seconds
    starting compilation...
Compiling shader "Hidden/Internal-DeferredShading" pass "" (vp)
    Target graphics API: gles3
    Full variant space:         1
    After settings filtering:   1
    After built-in stripping:   3
    After scriptable stripping: 3
    Processed in 0.00 seconds
    starting compilation...
    Target graphics API: vulkan
    Full variant space:         1
    After settings filtering:   1
    After built-in stripping:   3
    After scriptable stripping: 3
    Processed in 0.00 seconds
    starting compilation...
    gles3 finished in 0.00 seconds. Local cache hits 78 (0.04s CPU time), remote cache hits 0 (0.00s CPU time), compiled 0 variants (0.00s CPU time), skipped 0 variants
    vulkan finished in 0.01 seconds. Local cache hits 78 (0.02s CPU time), remote cache hits 0 (0.00s CPU time), compiled 0 variants (0.00s CPU time), skipped 0 variants
    Prepared data for serialisation in 0.00s
    gles3 finished in 0.01 seconds. Local cache hits 3 (0.00s CPU time), remote cache hits 0 (0.00s CPU time), compiled 0 variants (0.00s CPU time), skipped 0 variants
    vulkan finished in 0.01 seconds. Local cache hits 3 (0.00s CPU time), remote cache hits 0 (0.00s CPU time), compiled 0 variants (0.00s CPU time), skipped 0 variants
    Prepared data for serialisation in 0.00s
Serialized binary data for shader Hidden/Internal-DeferredShading in 0.00s
    gles3 (total internal programs: 81, unique: 53)
    vulkan (total internal programs: 81, unique: 53)
Compiling shader "Hidden/Internal-DeferredReflections" pass "" (vp)
    Target graphics API: gles3
    Full variant space:         1
    After settings filtering:   1
    After built-in stripping:   3
    After scriptable stripping: 3
    Processed in 0.00 seconds
    starting compilation...
    Target graphics API: vulkan
    Full variant space:         1
    After settings filtering:   1
    After built-in stripping:   3
    After scriptable stripping: 3
    Processed in 0.00 seconds
    starting compilation...
Compiling shader "Hidden/Internal-DeferredReflections" pass "" (vp)
    Target graphics API: gles3
    Full variant space:         2
    After settings filtering:   2
    After built-in stripping:   6
    After scriptable stripping: 6
    Processed in 0.00 seconds
    starting compilation...
    Target graphics API: vulkan
    Full variant space:         2
    After settings filtering:   2
    After built-in stripping:   6
    After scriptable stripping: 6
    Processed in 0.00 seconds
    starting compilation...
    gles3 finished in 0.00 seconds. Local cache hits 3 (0.00s CPU time), remote cache hits 0 (0.00s CPU time), compiled 0 variants (0.00s CPU time), skipped 0 variants
    vulkan finished in 0.00 seconds. Local cache hits 3 (0.00s CPU time), remote cache hits 0 (0.00s CPU time), compiled 0 variants (0.00s CPU time), skipped 0 variants
    Prepared data for serialisation in 0.00s
    gles3 finished in 0.00 seconds. Local cache hits 6 (0.00s CPU time), remote cache hits 0 (0.00s CPU time), compiled 0 variants (0.00s CPU time), skipped 0 variants
    vulkan finished in 0.00 seconds. Local cache hits 6 (0.00s CPU time), remote cache hits 0 (0.00s CPU time), compiled 0 variants (0.00s CPU time), skipped 0 variants
    Prepared data for serialisation in 0.00s
Serialized binary data for shader Hidden/Internal-DeferredReflections in 0.00s
    gles3 (total internal programs: 9, unique: 4)
    vulkan (total internal programs: 9, unique: 4)
Compiling shader "Hidden/Internal-MotionVectors" pass "" (vp)
    Target graphics API: gles3
    Full variant space:         1
    After settings filtering:   1
    After built-in stripping:   3
    After scriptable stripping: 3
    Processed in 0.00 seconds
    starting compilation...
    Target graphics API: vulkan
    Full variant space:         1
    After settings filtering:   1
    After built-in stripping:   3
    After scriptable stripping: 3
    Processed in 0.00 seconds
    starting compilation...
Compiling shader "Hidden/Internal-MotionVectors" pass "" (vp)
    Target graphics API: gles3
    Full variant space:         1
    After settings filtering:   1
    After built-in stripping:   3
    After scriptable stripping: 3
    Processed in 0.00 seconds
    starting compilation...
    Target graphics API: vulkan
    Full variant space:         1
    After settings filtering:   1
    After built-in stripping:   3
    After scriptable stripping: 3
    Processed in 0.00 seconds
    starting compilation...
Compiling shader "Hidden/Internal-MotionVectors" pass "" (vp)
    Target graphics API: gles3
    Full variant space:         1
    After settings filtering:   1
    After built-in stripping:   3
    After scriptable stripping: 3
    Processed in 0.00 seconds
    starting compilation...
    Target graphics API: vulkan
    Full variant space:         1
    After settings filtering:   1
    After built-in stripping:   3
    After scriptable stripping: 3
    Processed in 0.00 seconds
    starting compilation...
    gles3 finished in 0.00 seconds. Local cache hits 3 (0.00s CPU time), remote cache hits 0 (0.00s CPU time), compiled 0 variants (0.00s CPU time), skipped 0 variants
    vulkan finished in 0.00 seconds. Local cache hits 3 (0.00s CPU time), remote cache hits 0 (0.00s CPU time), compiled 0 variants (0.00s CPU time), skipped 0 variants
    Prepared data for serialisation in 0.00s
    gles3 finished in 0.00 seconds. Local cache hits 3 (0.00s CPU time), remote cache hits 0 (0.00s CPU time), compiled 0 variants (0.00s CPU time), skipped 0 variants
    vulkan finished in 0.00 seconds. Local cache hits 3 (0.00s CPU time), remote cache hits 0 (0.00s CPU time), compiled 0 variants (0.00s CPU time), skipped 0 variants
    Prepared data for serialisation in 0.00s
    gles3 finished in 0.00 seconds. Local cache hits 3 (0.00s CPU time), remote cache hits 0 (0.00s CPU time), compiled 0 variants (0.00s CPU time), skipped 0 variants
    vulkan finished in 0.00 seconds. Local cache hits 3 (0.00s CPU time), remote cache hits 0 (0.00s CPU time), compiled 0 variants (0.00s CPU time), skipped 0 variants
    Prepared data for serialisation in 0.00s
Serialized binary data for shader Hidden/Internal-MotionVectors in 0.00s
    gles3 (total internal programs: 9, unique: 3)
    vulkan (total internal programs: 9, unique: 3)
Compiling shader "Hidden/Internal-Flare" pass "" (vp)
    Target graphics API: gles3
    Full variant space:         1
    After settings filtering:   1
    After built-in stripping:   3
    After scriptable stripping: 3
    Processed in 0.00 seconds
    starting compilation...
    Target graphics API: vulkan
    Full variant space:         1
    After settings filtering:   1
    After built-in stripping:   3
    After scriptable stripping: 3
    Processed in 0.00 seconds
    starting compilation...
    gles3 finished in 0.00 seconds. Local cache hits 3 (0.00s CPU time), remote cache hits 0 (0.00s CPU time), compiled 0 variants (0.00s CPU time), skipped 0 variants
    vulkan finished in 0.00 seconds. Local cache hits 3 (0.00s CPU time), remote cache hits 0 (0.00s CPU time), compiled 0 variants (0.00s CPU time), skipped 0 variants
    Prepared data for serialisation in 0.00s
Serialized binary data for shader Hidden/Internal-Flare in 0.00s
    gles3 (total internal programs: 3, unique: 1)
    vulkan (total internal programs: 3, unique: 1)
Compiling shader "Hidden/Internal-Halo" pass "" (vp)
    Target graphics API: gles3
    Full variant space:         4
    After settings filtering:   4
    After built-in stripping:   3
    After scriptable stripping: 3
    Processed in 0.00 seconds
    starting compilation...
    Target graphics API: vulkan
    Full variant space:         4
    After settings filtering:   4
    After built-in stripping:   3
    After scriptable stripping: 3
    Processed in 0.00 seconds
    starting compilation...
    gles3 finished in 0.00 seconds. Local cache hits 3 (0.00s CPU time), remote cache hits 0 (0.00s CPU time), compiled 0 variants (0.00s CPU time), skipped 0 variants
    vulkan finished in 0.00 seconds. Local cache hits 3 (0.00s CPU time), remote cache hits 0 (0.00s CPU time), compiled 0 variants (0.00s CPU time), skipped 0 variants
    Prepared data for serialisation in 0.00s
Serialized binary data for shader Hidden/Internal-Halo in 0.00s
    gles3 (total internal programs: 3, unique: 1)
    vulkan (total internal programs: 3, unique: 1)
Compiling shader "Hidden/BlitCopyWithDepth" pass "" (vp)
    Target graphics API: gles3
    Full variant space:         1
    After settings filtering:   1
    After built-in stripping:   3
    After scriptable stripping: 3
    Processed in 0.00 seconds
    starting compilation...
    Target graphics API: vulkan
    Full variant space:         1
    After settings filtering:   1
    After built-in stripping:   3
    After scriptable stripping: 3
    Processed in 0.00 seconds
    starting compilation...
    gles3 finished in 0.00 seconds. Local cache hits 3 (0.00s CPU time), remote cache hits 0 (0.00s CPU time), compiled 0 variants (0.00s CPU time), skipped 0 variants
    vulkan finished in 0.00 seconds. Local cache hits 3 (0.00s CPU time), remote cache hits 0 (0.00s CPU time), compiled 0 variants (0.00s CPU time), skipped 0 variants
    Prepared data for serialisation in 0.00s
Serialized binary data for shader Hidden/BlitCopyWithDepth in 0.00s
    gles3 (total internal programs: 3, unique: 1)
    vulkan (total internal programs: 3, unique: 1)
Compiling shader "Hidden/BlitToDepth" pass "" (vp)
    Target graphics API: gles3
    Full variant space:         1
    After settings filtering:   1
    After built-in stripping:   3
    After scriptable stripping: 3
    Processed in 0.00 seconds
    starting compilation...
    Target graphics API: vulkan
    Full variant space:         1
    After settings filtering:   1
    After built-in stripping:   3
    After scriptable stripping: 3
    Processed in 0.00 seconds
    starting compilation...
    gles3 finished in 0.00 seconds. Local cache hits 3 (0.00s CPU time), remote cache hits 0 (0.00s CPU time), compiled 0 variants (0.00s CPU time), skipped 0 variants
    vulkan finished in 0.00 seconds. Local cache hits 3 (0.00s CPU time), remote cache hits 0 (0.00s CPU time), compiled 0 variants (0.00s CPU time), skipped 0 variants
    Prepared data for serialisation in 0.00s
Serialized binary data for shader Hidden/BlitToDepth in 0.00s
    gles3 (total internal programs: 3, unique: 1)
    vulkan (total internal programs: 3, unique: 1)
Compiling shader "Hidden/BlitToDepth_MSAA" pass "" (vp)
    Target graphics API: gles3
    Full variant space:         1
    After settings filtering:   1
    After built-in stripping:   3
    After scriptable stripping: 3
    Processed in 0.00 seconds
    starting compilation...
    Target graphics API: vulkan
    Full variant space:         1
    After settings filtering:   1
    After built-in stripping:   3
    After scriptable stripping: 3
    Processed in 0.00 seconds
    starting compilation...
    gles3 finished in 0.00 seconds. Local cache hits 3 (0.00s CPU time), remote cache hits 0 (0.00s CPU time), compiled 0 variants (0.00s CPU time), skipped 0 variants
    vulkan finished in 0.00 seconds. Local cache hits 3 (0.00s CPU time), remote cache hits 0 (0.00s CPU time), compiled 0 variants (0.00s CPU time), skipped 0 variants
    Prepared data for serialisation in 0.00s
Serialized binary data for shader Hidden/BlitToDepth_MSAA in 0.00s
    gles3 (total internal programs: 3, unique: 1)
    vulkan (total internal programs: 3, unique: 1)
Compiling shader "Hidden/BlitCopyHDRTonemap" pass "" (vp)
    Target graphics API: gles3
    Full variant space:         1
    After settings filtering:   1
    After built-in stripping:   3
    After scriptable stripping: 3
    Processed in 0.00 seconds
    starting compilation...
    Target graphics API: vulkan
    Full variant space:         1
    After settings filtering:   1
    After built-in stripping:   3
    After scriptable stripping: 3
    Processed in 0.00 seconds
    starting compilation...
    gles3 finished in 0.00 seconds. Local cache hits 3 (0.00s CPU time), remote cache hits 0 (0.00s CPU time), compiled 0 variants (0.00s CPU time), skipped 0 variants
    vulkan finished in 0.00 seconds. Local cache hits 3 (0.00s CPU time), remote cache hits 0 (0.00s CPU time), compiled 0 variants (0.00s CPU time), skipped 0 variants
    Prepared data for serialisation in 0.00s
Serialized binary data for shader Hidden/BlitCopyHDRTonemap in 0.00s
    gles3 (total internal programs: 3, unique: 1)
    vulkan (total internal programs: 3, unique: 1)
Compiling shader "Hidden/Internal-DebugPattern" pass "Target Color and DepthStencil" (vp)
    Target graphics API: gles3
    Full variant space:         1
    After settings filtering:   1
    After built-in stripping:   3
    After scriptable stripping: 3
    Processed in 0.00 seconds
    starting compilation...
    Target graphics API: vulkan
    Full variant space:         1
    After settings filtering:   1
    After built-in stripping:   3
    After scriptable stripping: 3
    Processed in 0.00 seconds
    starting compilation...
Compiling shader "Hidden/Internal-DebugPattern" pass "Target only Color" (vp)
    Target graphics API: gles3
    Full variant space:         1
    After settings filtering:   1
    After built-in stripping:   3
    After scriptable stripping: 3
    Processed in 0.00 seconds
    starting compilation...
    Target graphics API: vulkan
    Full variant space:         1
    After settings filtering:   1
    After built-in stripping:   3
    After scriptable stripping: 3
    Processed in 0.00 seconds
    starting compilation...
Compiling shader "Hidden/Internal-DebugPattern" pass "Target only DepthStencil" (vp)
    Target graphics API: gles3
    Full variant space:         1
    After settings filtering:   1
    After built-in stripping:   3
    After scriptable stripping: 3
    Processed in 0.00 seconds
    starting compilation...
    Target graphics API: vulkan
    Full variant space:         1
    After settings filtering:   1
    After built-in stripping:   3
    After scriptable stripping: 3
    Processed in 0.00 seconds
    starting compilation...
    gles3 finished in 0.00 seconds. Local cache hits 3 (0.00s CPU time), remote cache hits 0 (0.00s CPU time), compiled 0 variants (0.00s CPU time), skipped 0 variants
    vulkan finished in 0.00 seconds. Local cache hits 3 (0.00s CPU time), remote cache hits 0 (0.00s CPU time), compiled 0 variants (0.00s CPU time), skipped 0 variants
    Prepared data for serialisation in 0.00s
    gles3 finished in 0.00 seconds. Local cache hits 3 (0.00s CPU time), remote cache hits 0 (0.00s CPU time), compiled 0 variants (0.00s CPU time), skipped 0 variants
    vulkan finished in 0.00 seconds. Local cache hits 3 (0.00s CPU time), remote cache hits 0 (0.00s CPU time), compiled 0 variants (0.00s CPU time), skipped 0 variants
    Prepared data for serialisation in 0.00s
    gles3 finished in 0.00 seconds. Local cache hits 3 (0.00s CPU time), remote cache hits 0 (0.00s CPU time), compiled 0 variants (0.00s CPU time), skipped 0 variants
    vulkan finished in 0.00 seconds. Local cache hits 3 (0.00s CPU time), remote cache hits 0 (0.00s CPU time), compiled 0 variants (0.00s CPU time), skipped 0 variants
    Prepared data for serialisation in 0.00s
Serialized binary data for shader Hidden/Internal-DebugPattern in 0.00s
    gles3 (total internal programs: 9, unique: 3)
    vulkan (total internal programs: 9, unique: 3)
Compiling shader "Hidden/Internal-GUITextureClip" pass "" (vp)
    Target graphics API: gles3
    Full variant space:         1
    After settings filtering:   1
    After built-in stripping:   3
    After scriptable stripping: 3
    Processed in 0.00 seconds
    starting compilation...
    Target graphics API: vulkan
    Full variant space:         1
    After settings filtering:   1
    After built-in stripping:   3
    After scriptable stripping: 3
    Processed in 0.00 seconds
    starting compilation...
Compiling shader "Hidden/Internal-GUITextureClip" pass "" (vp)
    Target graphics API: gles3
    Full variant space:         1
    After settings filtering:   1
    After built-in stripping:   3
    After scriptable stripping: 3
    Processed in 0.00 seconds
    starting compilation...
    Target graphics API: vulkan
    Full variant space:         1
    After settings filtering:   1
    After built-in stripping:   3
    After scriptable stripping: 3
    Processed in 0.00 seconds
    starting compilation...
    gles3 finished in 0.00 seconds. Local cache hits 3 (0.00s CPU time), remote cache hits 0 (0.00s CPU time), compiled 0 variants (0.00s CPU time), skipped 0 variants
    vulkan finished in 0.00 seconds. Local cache hits 3 (0.00s CPU time), remote cache hits 0 (0.00s CPU time), compiled 0 variants (0.00s CPU time), skipped 0 variants
    Prepared data for serialisation in 0.00s
    gles3 finished in 0.00 seconds. Local cache hits 3 (0.00s CPU time), remote cache hits 0 (0.00s CPU time), compiled 0 variants (0.00s CPU time), skipped 0 variants
    vulkan finished in 0.00 seconds. Local cache hits 3 (0.00s CPU time), remote cache hits 0 (0.00s CPU time), compiled 0 variants (0.00s CPU time), skipped 0 variants
    Prepared data for serialisation in 0.00s
Serialized binary data for shader Hidden/Internal-GUITextureClip in 0.00s
    gles3 (total internal programs: 6, unique: 1)
    vulkan (total internal programs: 6, unique: 1)
Compiling shader "Hidden/Internal-GUITextureClipText" pass "" (vp)
    Target graphics API: gles3
    Full variant space:         1
    After settings filtering:   1
    After built-in stripping:   3
    After scriptable stripping: 3
    Processed in 0.00 seconds
    starting compilation...
    Target graphics API: vulkan
    Full variant space:         1
    After settings filtering:   1
    After built-in stripping:   3
    After scriptable stripping: 3
    Processed in 0.00 seconds
    starting compilation...
Compiling shader "Hidden/Internal-GUITextureClipText" pass "" (vp)
    Target graphics API: gles3
    Full variant space:         1
    After settings filtering:   1
    After built-in stripping:   3
    After scriptable stripping: 3
    Processed in 0.00 seconds
    starting compilation...
    Target graphics API: vulkan
    Full variant space:         1
    After settings filtering:   1
    After built-in stripping:   3
    After scriptable stripping: 3
    Processed in 0.00 seconds
    starting compilation...
    gles3 finished in 0.00 seconds. Local cache hits 3 (0.00s CPU time), remote cache hits 0 (0.00s CPU time), compiled 0 variants (0.00s CPU time), skipped 0 variants
    vulkan finished in 0.00 seconds. Local cache hits 3 (0.00s CPU time), remote cache hits 0 (0.00s CPU time), compiled 0 variants (0.00s CPU time), skipped 0 variants
    Prepared data for serialisation in 0.00s
    gles3 finished in 0.00 seconds. Local cache hits 3 (0.00s CPU time), remote cache hits 0 (0.00s CPU time), compiled 0 variants (0.00s CPU time), skipped 0 variants
    vulkan finished in 0.00 seconds. Local cache hits 3 (0.00s CPU time), remote cache hits 0 (0.00s CPU time), compiled 0 variants (0.00s CPU time), skipped 0 variants
    Prepared data for serialisation in 0.00s
Serialized binary data for shader Hidden/Internal-GUITextureClipText in 0.00s
    gles3 (total internal programs: 6, unique: 1)
    vulkan (total internal programs: 6, unique: 1)
Compiling shader "Hidden/Internal-GUITexture" pass "" (vp)
    Target graphics API: gles3
    Full variant space:         1
    After settings filtering:   1
    After built-in stripping:   3
    After scriptable stripping: 3
    Processed in 0.00 seconds
    starting compilation...
    Target graphics API: vulkan
    Full variant space:         1
    After settings filtering:   1
    After built-in stripping:   3
    After scriptable stripping: 3
    Processed in 0.00 seconds
    starting compilation...
Compiling shader "Hidden/Internal-GUITexture" pass "" (vp)
    Target graphics API: gles3
    Full variant space:         1
    After settings filtering:   1
    After built-in stripping:   3
    After scriptable stripping: 3
    Processed in 0.00 seconds
    starting compilation...
    Target graphics API: vulkan
    Full variant space:         1
    After settings filtering:   1
    After built-in stripping:   3
    After scriptable stripping: 3
    Processed in 0.00 seconds
    starting compilation...
    gles3 finished in 0.00 seconds. Local cache hits 3 (0.00s CPU time), remote cache hits 0 (0.00s CPU time), compiled 0 variants (0.00s CPU time), skipped 0 variants
    vulkan finished in 0.00 seconds. Local cache hits 3 (0.00s CPU time), remote cache hits 0 (0.00s CPU time), compiled 0 variants (0.00s CPU time), skipped 0 variants
    Prepared data for serialisation in 0.00s
    gles3 finished in 0.00 seconds. Local cache hits 3 (0.00s CPU time), remote cache hits 0 (0.00s CPU time), compiled 0 variants (0.00s CPU time), skipped 0 variants
    vulkan finished in 0.00 seconds. Local cache hits 3 (0.00s CPU time), remote cache hits 0 (0.00s CPU time), compiled 0 variants (0.00s CPU time), skipped 0 variants
    Prepared data for serialisation in 0.00s
Serialized binary data for shader Hidden/Internal-GUITexture in 0.00s
    gles3 (total internal programs: 6, unique: 1)
    vulkan (total internal programs: 6, unique: 1)
Compiling shader "Hidden/Internal-GUITextureBlit" pass "" (vp)
    Target graphics API: gles3
    Full variant space:         1
    After settings filtering:   1
    After built-in stripping:   3
    After scriptable stripping: 3
    Processed in 0.00 seconds
    starting compilation...
    Target graphics API: vulkan
    Full variant space:         1
    After settings filtering:   1
    After built-in stripping:   3
    After scriptable stripping: 3
    Processed in 0.00 seconds
    starting compilation...
Compiling shader "Hidden/Internal-GUITextureBlit" pass "" (vp)
    Target graphics API: gles3
    Full variant space:         1
    After settings filtering:   1
    After built-in stripping:   3
    After scriptable stripping: 3
    Processed in 0.00 seconds
    starting compilation...
    Target graphics API: vulkan
    Full variant space:         1
    After settings filtering:   1
    After built-in stripping:   3
    After scriptable stripping: 3
    Processed in 0.00 seconds
    starting compilation...
    gles3 finished in 0.00 seconds. Local cache hits 3 (0.00s CPU time), remote cache hits 0 (0.00s CPU time), compiled 0 variants (0.00s CPU time), skipped 0 variants
    vulkan finished in 0.00 seconds. Local cache hits 3 (0.00s CPU time), remote cache hits 0 (0.00s CPU time), compiled 0 variants (0.00s CPU time), skipped 0 variants
    Prepared data for serialisation in 0.00s
    gles3 finished in 0.00 seconds. Local cache hits 3 (0.00s CPU time), remote cache hits 0 (0.00s CPU time), compiled 0 variants (0.00s CPU time), skipped 0 variants
    vulkan finished in 0.00 seconds. Local cache hits 3 (0.00s CPU time), remote cache hits 0 (0.00s CPU time), compiled 0 variants (0.00s CPU time), skipped 0 variants
    Prepared data for serialisation in 0.00s
Serialized binary data for shader Hidden/Internal-GUITextureBlit in 0.00s
    gles3 (total internal programs: 6, unique: 1)
    vulkan (total internal programs: 6, unique: 1)
Compiling shader "Hidden/Internal-GUIRoundedRect" pass "" (vp)
    Target graphics API: gles3
    Full variant space:         1
    After settings filtering:   1
    After built-in stripping:   3
    After scriptable stripping: 3
    Processed in 0.00 seconds
    starting compilation...
    Target graphics API: vulkan
    Full variant space:         1
    After settings filtering:   1
    After built-in stripping:   3
    After scriptable stripping: 3
    Processed in 0.00 seconds
    starting compilation...
Compiling shader "Hidden/Internal-GUIRoundedRect" pass "" (vp)
    Target graphics API: gles3
    Full variant space:         1
    After settings filtering:   1
    After built-in stripping:   3
    After scriptable stripping: 3
    Processed in 0.00 seconds
    starting compilation...
    Target graphics API: vulkan
    Full variant space:         1
    After settings filtering:   1
    After built-in stripping:   3
    After scriptable stripping: 3
    Processed in 0.00 seconds
    starting compilation...
    gles3 finished in 0.00 seconds. Local cache hits 3 (0.00s CPU time), remote cache hits 0 (0.00s CPU time), compiled 0 variants (0.00s CPU time), skipped 0 variants
    vulkan finished in 0.00 seconds. Local cache hits 3 (0.00s CPU time), remote cache hits 0 (0.00s CPU time), compiled 0 variants (0.00s CPU time), skipped 0 variants
    Prepared data for serialisation in 0.00s
    gles3 finished in 0.00 seconds. Local cache hits 3 (0.00s CPU time), remote cache hits 0 (0.00s CPU time), compiled 0 variants (0.00s CPU time), skipped 0 variants
    vulkan finished in 0.00 seconds. Local cache hits 3 (0.00s CPU time), remote cache hits 0 (0.00s CPU time), compiled 0 variants (0.00s CPU time), skipped 0 variants
    Prepared data for serialisation in 0.00s
Serialized binary data for shader Hidden/Internal-GUIRoundedRect in 0.00s
    gles3 (total internal programs: 6, unique: 1)
    vulkan (total internal programs: 6, unique: 1)
Compiling shader "Hidden/Internal-GUIRoundedRectWithColorPerBorder" pass "" (vp)
    Target graphics API: gles3
    Full variant space:         1
    After settings filtering:   1
    After built-in stripping:   3
    After scriptable stripping: 3
    Processed in 0.00 seconds
    starting compilation...
    Target graphics API: vulkan
    Full variant space:         1
    After settings filtering:   1
    After built-in stripping:   3
    After scriptable stripping: 3
    Processed in 0.00 seconds
    starting compilation...
Compiling shader "Hidden/Internal-GUIRoundedRectWithColorPerBorder" pass "" (vp)
    Target graphics API: gles3
    Full variant space:         1
    After settings filtering:   1
    After built-in stripping:   3
    After scriptable stripping: 3
    Processed in 0.00 seconds
    starting compilation...
    Target graphics API: vulkan
    Full variant space:         1
    After settings filtering:   1
    After built-in stripping:   3
    After scriptable stripping: 3
    Processed in 0.00 seconds
    starting compilation...
    gles3 finished in 0.00 seconds. Local cache hits 3 (0.00s CPU time), remote cache hits 0 (0.00s CPU time), compiled 0 variants (0.00s CPU time), skipped 0 variants
    vulkan finished in 0.00 seconds. Local cache hits 3 (0.00s CPU time), remote cache hits 0 (0.00s CPU time), compiled 0 variants (0.00s CPU time), skipped 0 variants
    Prepared data for serialisation in 0.00s
    gles3 finished in 0.00 seconds. Local cache hits 3 (0.00s CPU time), remote cache hits 0 (0.00s CPU time), compiled 0 variants (0.00s CPU time), skipped 0 variants
    vulkan finished in 0.00 seconds. Local cache hits 3 (0.00s CPU time), remote cache hits 0 (0.00s CPU time), compiled 0 variants (0.00s CPU time), skipped 0 variants
    Prepared data for serialisation in 0.00s
Serialized binary data for shader Hidden/Internal-GUIRoundedRectWithColorPerBorder in 0.00s
    gles3 (total internal programs: 6, unique: 1)
    vulkan (total internal programs: 6, unique: 1)
Compiling shader "Hidden/Internal-UIRDefault" pass "" (vp)
    Target graphics API: gles3
    Full variant space:         40
    After settings filtering:   40
    After built-in stripping:   120
    After scriptable stripping: 120
    Processed in 0.00 seconds
    starting compilation...
    Target graphics API: vulkan
    Full variant space:         40
    After settings filtering:   40
    After built-in stripping:   120
    After scriptable stripping: 120
    Processed in 0.00 seconds
    starting compilation...
    gles3 finished in 0.00 seconds. Local cache hits 120 (0.06s CPU time), remote cache hits 0 (0.00s CPU time), compiled 0 variants (0.00s CPU time), skipped 0 variants
    vulkan finished in 0.01 seconds. Local cache hits 120 (0.05s CPU time), remote cache hits 0 (0.00s CPU time), compiled 0 variants (0.00s CPU time), skipped 0 variants
    Prepared data for serialisation in 0.00s
Serialized binary data for shader Hidden/Internal-UIRDefault in 0.00s
    gles3 (total internal programs: 120, unique: 40)
    vulkan (total internal programs: 120, unique: 40)
Compiling shader "Hidden/Internal-UIRAtlasBlitCopy" pass "" (vp)
    Target graphics API: gles3
    Full variant space:         1
    After settings filtering:   1
    After built-in stripping:   3
    After scriptable stripping: 3
    Processed in 0.00 seconds
    starting compilation...
    Target graphics API: vulkan
    Full variant space:         1
    After settings filtering:   1
    After built-in stripping:   3
    After scriptable stripping: 3
    Processed in 0.00 seconds
    starting compilation...
    gles3 finished in 0.00 seconds. Local cache hits 3 (0.00s CPU time), remote cache hits 0 (0.00s CPU time), compiled 0 variants (0.00s CPU time), skipped 0 variants
    vulkan finished in 0.00 seconds. Local cache hits 3 (0.00s CPU time), remote cache hits 0 (0.00s CPU time), compiled 0 variants (0.00s CPU time), skipped 0 variants
    Prepared data for serialisation in 0.00s
Serialized binary data for shader Hidden/Internal-UIRAtlasBlitCopy in 0.00s
    gles3 (total internal programs: 3, unique: 1)
    vulkan (total internal programs: 3, unique: 1)
Compiling shader "Sprites/Default" pass "" (vp)
    Target graphics API: gles3
    Full variant space:         8
    After settings filtering:   8
    After built-in stripping:   12
    After scriptable stripping: 12
    Processed in 0.00 seconds
    starting compilation...
    Target graphics API: vulkan
    Full variant space:         8
    After settings filtering:   8
    After built-in stripping:   12
    After scriptable stripping: 12
    Processed in 0.00 seconds
    starting compilation...
    gles3 finished in 0.00 seconds. Local cache hits 12 (0.01s CPU time), remote cache hits 0 (0.00s CPU time), compiled 0 variants (0.00s CPU time), skipped 0 variants
    vulkan finished in 0.00 seconds. Local cache hits 12 (0.00s CPU time), remote cache hits 0 (0.00s CPU time), compiled 0 variants (0.00s CPU time), skipped 0 variants
    Prepared data for serialisation in 0.00s
Serialized binary data for shader Sprites/Default in 0.00s
    gles3 (total internal programs: 12, unique: 4)
    vulkan (total internal programs: 12, unique: 4)
Compiling shader "Sprites/Mask" pass "" (vp)
    Target graphics API: gles3
    Full variant space:         4
    After settings filtering:   4
    After built-in stripping:   12
    After scriptable stripping: 12
    Processed in 0.00 seconds
    starting compilation...
    Target graphics API: vulkan
    Full variant space:         4
    After settings filtering:   4
    After built-in stripping:   12
    After scriptable stripping: 12
    Processed in 0.00 seconds
    starting compilation...
    gles3 finished in 0.00 seconds. Local cache hits 12 (0.00s CPU time), remote cache hits 0 (0.00s CPU time), compiled 0 variants (0.00s CPU time), skipped 0 variants
    vulkan finished in 0.00 seconds. Local cache hits 12 (0.00s CPU time), remote cache hits 0 (0.00s CPU time), compiled 0 variants (0.00s CPU time), skipped 0 variants
    Prepared data for serialisation in 0.00s
Serialized binary data for shader Sprites/Mask in 0.00s
    gles3 (total internal programs: 12, unique: 4)
    vulkan (total internal programs: 12, unique: 4)
Compiling shader "UI/Default" pass "Default" (vp)
    Target graphics API: gles3
    Full variant space:         4
    After settings filtering:   4
    After built-in stripping:   12
    After scriptable stripping: 12
    Processed in 0.00 seconds
    starting compilation...
    Target graphics API: vulkan
    Full variant space:         4
    After settings filtering:   4
    After built-in stripping:   12
    After scriptable stripping: 12
    Processed in 0.00 seconds
    starting compilation...
    gles3 finished in 0.00 seconds. Local cache hits 12 (0.01s CPU time), remote cache hits 0 (0.00s CPU time), compiled 0 variants (0.00s CPU time), skipped 0 variants
    vulkan finished in 0.00 seconds. Local cache hits 12 (0.00s CPU time), remote cache hits 0 (0.00s CPU time), compiled 0 variants (0.00s CPU time), skipped 0 variants
    Prepared data for serialisation in 0.00s
Serialized binary data for shader UI/Default in 0.00s
    gles3 (total internal programs: 12, unique: 4)
    vulkan (total internal programs: 12, unique: 4)
Compiling shader "UI/DefaultETC1" pass "Default" (vp)
    Target graphics API: gles3
    Full variant space:         4
    After settings filtering:   4
    After built-in stripping:   12
    After scriptable stripping: 12
    Processed in 0.00 seconds
    starting compilation...
    Target graphics API: vulkan
    Full variant space:         4
    After settings filtering:   4
    After built-in stripping:   12
    After scriptable stripping: 12
    Processed in 0.00 seconds
    starting compilation...
    gles3 finished in 0.00 seconds. Local cache hits 12 (0.01s CPU time), remote cache hits 0 (0.00s CPU time), compiled 0 variants (0.00s CPU time), skipped 0 variants
    vulkan finished in 0.00 seconds. Local cache hits 12 (0.00s CPU time), remote cache hits 0 (0.00s CPU time), compiled 0 variants (0.00s CPU time), skipped 0 variants
    Prepared data for serialisation in 0.00s
Serialized binary data for shader UI/DefaultETC1 in 0.00s
    gles3 (total internal programs: 12, unique: 4)
    vulkan (total internal programs: 12, unique: 4)
Compiling shader "Hidden/CubeBlur" pass "" (vp)
    Target graphics API: gles3
    Full variant space:         1
    After settings filtering:   1
    After built-in stripping:   3
    After scriptable stripping: 3
    Processed in 0.00 seconds
    starting compilation...
    Target graphics API: vulkan
    Full variant space:         1
    After settings filtering:   1
    After built-in stripping:   3
    After scriptable stripping: 3
    Processed in 0.00 seconds
    starting compilation...
Compiling shader "Hidden/CubeBlur" pass "" (vp)
    Target graphics API: gles3
    Full variant space:         1
    After settings filtering:   1
    After built-in stripping:   3
    After scriptable stripping: 3
    Processed in 0.00 seconds
    starting compilation...
    Target graphics API: vulkan
    Full variant space:         1
    After settings filtering:   1
    After built-in stripping:   3
    After scriptable stripping: 3
    Processed in 0.00 seconds
    starting compilation...
    gles3 finished in 0.00 seconds. Local cache hits 3 (0.00s CPU time), remote cache hits 0 (0.00s CPU time), compiled 0 variants (0.00s CPU time), skipped 0 variants
    vulkan finished in 0.00 seconds. Local cache hits 3 (0.00s CPU time), remote cache hits 0 (0.00s CPU time), compiled 0 variants (0.00s CPU time), skipped 0 variants
    Prepared data for serialisation in 0.00s
    gles3 finished in 0.00 seconds. Local cache hits 3 (0.00s CPU time), remote cache hits 0 (0.00s CPU time), compiled 0 variants (0.00s CPU time), skipped 0 variants
    vulkan finished in 0.00 seconds. Local cache hits 3 (0.00s CPU time), remote cache hits 0 (0.00s CPU time), compiled 0 variants (0.00s CPU time), skipped 0 variants
    Prepared data for serialisation in 0.00s
Serialized binary data for shader Hidden/CubeBlur in 0.00s
    gles3 (total internal programs: 6, unique: 2)
    vulkan (total internal programs: 6, unique: 2)
Compiling shader "Hidden/CubeCopy" pass "" (vp)
    Target graphics API: gles3
    Full variant space:         1
    After settings filtering:   1
    After built-in stripping:   3
    After scriptable stripping: 3
    Processed in 0.00 seconds
    starting compilation...
    Target graphics API: vulkan
    Full variant space:         1
    After settings filtering:   1
    After built-in stripping:   3
    After scriptable stripping: 3
    Processed in 0.00 seconds
    starting compilation...
Compiling shader "Hidden/CubeCopy" pass "" (vp)
    Target graphics API: gles3
    Full variant space:         1
    After settings filtering:   1
    After built-in stripping:   3
    After scriptable stripping: 3
    Processed in 0.00 seconds
    starting compilation...
    Target graphics API: vulkan
    Full variant space:         1
    After settings filtering:   1
    After built-in stripping:   3
    After scriptable stripping: 3
    Processed in 0.00 seconds
    starting compilation...
    gles3 finished in 0.00 seconds. Local cache hits 3 (0.00s CPU time), remote cache hits 0 (0.00s CPU time), compiled 0 variants (0.00s CPU time), skipped 0 variants
    vulkan finished in 0.00 seconds. Local cache hits 3 (0.00s CPU time), remote cache hits 0 (0.00s CPU time), compiled 0 variants (0.00s CPU time), skipped 0 variants
    Prepared data for serialisation in 0.00s
    gles3 finished in 0.00 seconds. Local cache hits 3 (0.00s CPU time), remote cache hits 0 (0.00s CPU time), compiled 0 variants (0.00s CPU time), skipped 0 variants
    vulkan finished in 0.00 seconds. Local cache hits 3 (0.00s CPU time), remote cache hits 0 (0.00s CPU time), compiled 0 variants (0.00s CPU time), skipped 0 variants
    Prepared data for serialisation in 0.00s
Serialized binary data for shader Hidden/CubeCopy in 0.00s
    gles3 (total internal programs: 6, unique: 1)
    vulkan (total internal programs: 6, unique: 1)
Compiling shader "Hidden/CubeBlend" pass "" (vp)
    Target graphics API: gles3
    Full variant space:         1
    After settings filtering:   1
    After built-in stripping:   3
    After scriptable stripping: 3
    Processed in 0.00 seconds
    starting compilation...
    Target graphics API: vulkan
    Full variant space:         1
    After settings filtering:   1
    After built-in stripping:   3
    After scriptable stripping: 3
    Processed in 0.00 seconds
    starting compilation...
Compiling shader "Hidden/CubeBlend" pass "" (vp)
    Target graphics API: gles3
    Full variant space:         1
    After settings filtering:   1
    After built-in stripping:   3
    After scriptable stripping: 3
    Processed in 0.00 seconds
    starting compilation...
    Target graphics API: vulkan
    Full variant space:         1
    After settings filtering:   1
    After built-in stripping:   3
    After scriptable stripping: 3
    Processed in 0.00 seconds
    starting compilation...
    gles3 finished in 0.00 seconds. Local cache hits 3 (0.00s CPU time), remote cache hits 0 (0.00s CPU time), compiled 0 variants (0.00s CPU time), skipped 0 variants
    vulkan finished in 0.00 seconds. Local cache hits 3 (0.00s CPU time), remote cache hits 0 (0.00s CPU time), compiled 0 variants (0.00s CPU time), skipped 0 variants
    Prepared data for serialisation in 0.00s
    gles3 finished in 0.00 seconds. Local cache hits 3 (0.00s CPU time), remote cache hits 0 (0.00s CPU time), compiled 0 variants (0.00s CPU time), skipped 0 variants
    vulkan finished in 0.00 seconds. Local cache hits 3 (0.00s CPU time), remote cache hits 0 (0.00s CPU time), compiled 0 variants (0.00s CPU time), skipped 0 variants
    Prepared data for serialisation in 0.00s
Serialized binary data for shader Hidden/CubeBlend in 0.00s
    gles3 (total internal programs: 6, unique: 1)
    vulkan (total internal programs: 6, unique: 1)
Compiling shader "Hidden/VR/BlitTexArraySlice" pass "" (vp)
    Target graphics API: gles3
    Full variant space:         1
    After settings filtering:   1
    After built-in stripping:   3
    After scriptable stripping: 3
    Processed in 0.00 seconds
    starting compilation...
    Target graphics API: vulkan
    Full variant space:         1
    After settings filtering:   1
    After built-in stripping:   3
    After scriptable stripping: 3
    Processed in 0.00 seconds
    starting compilation...
    gles3 finished in 0.00 seconds. Local cache hits 3 (0.00s CPU time), remote cache hits 0 (0.00s CPU time), compiled 0 variants (0.00s CPU time), skipped 0 variants
    vulkan finished in 0.00 seconds. Local cache hits 3 (0.00s CPU time), remote cache hits 0 (0.00s CPU time), compiled 0 variants (0.00s CPU time), skipped 0 variants
    Prepared data for serialisation in 0.00s
Serialized binary data for shader Hidden/VR/BlitTexArraySlice in 0.00s
    gles3 (total internal programs: 3, unique: 1)
    vulkan (total internal programs: 3, unique: 1)
Compiling shader "Hidden/Internal-ODSWorldTexture" pass "" (vp)
    Target graphics API: gles3
    Full variant space:         1
    After settings filtering:   1
    After built-in stripping:   3
    After scriptable stripping: 3
    Processed in 0.00 seconds
    starting compilation...
    Target graphics API: vulkan
    Full variant space:         1
    After settings filtering:   1
    After built-in stripping:   3
    After scriptable stripping: 3
    Processed in 0.00 seconds
    starting compilation...
Compiling shader "Hidden/Internal-ODSWorldTexture" pass "" (vp)
    Target graphics API: gles3
    Full variant space:         1
    After settings filtering:   1
    After built-in stripping:   3
    After scriptable stripping: 3
    Processed in 0.00 seconds
    starting compilation...
    Target graphics API: vulkan
    Full variant space:         1
    After settings filtering:   1
    After built-in stripping:   3
    After scriptable stripping: 3
    Processed in 0.00 seconds
    starting compilation...
Compiling shader "Hidden/Internal-ODSWorldTexture" pass "" (vp)
    Target graphics API: gles3
    Full variant space:         1
    After settings filtering:   1
    After built-in stripping:   3
    After scriptable stripping: 3
    Processed in 0.00 seconds
    starting compilation...
    Target graphics API: vulkan
    Full variant space:         1
    After settings filtering:   1
    After built-in stripping:   3
    After scriptable stripping: 3
    Processed in 0.00 seconds
    starting compilation...
Compiling shader "Hidden/Internal-ODSWorldTexture" pass "" (vp)
    Target graphics API: gles3
    Full variant space:         1
    After settings filtering:   1
    After built-in stripping:   3
    After scriptable stripping: 3
    Processed in 0.00 seconds
    starting compilation...
    Target graphics API: vulkan
    Full variant space:         1
    After settings filtering:   1
    After built-in stripping:   3
    After scriptable stripping: 3
    Processed in 0.00 seconds
    starting compilation...
Compiling shader "Hidden/Internal-ODSWorldTexture" pass "" (vp)
    Target graphics API: gles3
    Full variant space:         1
    After settings filtering:   1
    After built-in stripping:   3
    After scriptable stripping: 3
    Processed in 0.00 seconds
    starting compilation...
    Target graphics API: vulkan
    Full variant space:         1
    After settings filtering:   1
    After built-in stripping:   3
    After scriptable stripping: 3
    Processed in 0.00 seconds
    starting compilation...
Compiling shader "Hidden/Internal-ODSWorldTexture" pass "" (vp)
    Target graphics API: gles3
    Full variant space:         1
    After settings filtering:   1
    After built-in stripping:   3
    After scriptable stripping: 3
    Processed in 0.00 seconds
    starting compilation...
    Target graphics API: vulkan
    Full variant space:         1
    After settings filtering:   1
    After built-in stripping:   3
    After scriptable stripping: 3
    Processed in 0.00 seconds
    starting compilation...
Compiling shader "Hidden/Internal-ODSWorldTexture" pass "" (vp)
    Target graphics API: gles3
    Full variant space:         1
    After settings filtering:   1
    After built-in stripping:   3
    After scriptable stripping: 3
    Processed in 0.00 seconds
    starting compilation...
    Target graphics API: vulkan
    Full variant space:         1
    After settings filtering:   1
    After built-in stripping:   3
    After scriptable stripping: 3
    Processed in 0.00 seconds
    starting compilation...
Compiling shader "Hidden/Internal-ODSWorldTexture" pass "" (vp)
    Target graphics API: gles3
    Full variant space:         1
    After settings filtering:   1
    After built-in stripping:   3
    After scriptable stripping: 3
    Processed in 0.00 seconds
    starting compilation...
    Target graphics API: vulkan
    Full variant space:         1
    After settings filtering:   1
    After built-in stripping:   3
    After scriptable stripping: 3
    Processed in 0.00 seconds
    starting compilation...
Compiling shader "Hidden/Internal-ODSWorldTexture" pass "" (vp)
    Target graphics API: gles3
    Full variant space:         1
    After settings filtering:   1
    After built-in stripping:   3
    After scriptable stripping: 3
    Processed in 0.00 seconds
    starting compilation...
    Target graphics API: vulkan
    Full variant space:         1
    After settings filtering:   1
    After built-in stripping:   3
    After scriptable stripping: 3
    Processed in 0.00 seconds
    starting compilation...
Compiling shader "Hidden/Internal-ODSWorldTexture" pass "" (vp)
    Target graphics API: gles3
    Full variant space:         1
    After settings filtering:   1
    After built-in stripping:   3
    After scriptable stripping: 3
    Processed in 0.00 seconds
    starting compilation...
    Target graphics API: vulkan
    Full variant space:         1
    After settings filtering:   1
    After built-in stripping:   3
    After scriptable stripping: 3
    Processed in 0.00 seconds
    starting compilation...
    gles3 finished in 0.00 seconds. Local cache hits 3 (0.00s CPU time), remote cache hits 0 (0.00s CPU time), compiled 0 variants (0.00s CPU time), skipped 0 variants
    vulkan finished in 0.00 seconds. Local cache hits 3 (0.00s CPU time), remote cache hits 0 (0.00s CPU time), compiled 0 variants (0.00s CPU time), skipped 0 variants
    Prepared data for serialisation in 0.00s
    gles3 finished in 0.00 seconds. Local cache hits 3 (0.00s CPU time), remote cache hits 0 (0.00s CPU time), compiled 0 variants (0.00s CPU time), skipped 0 variants
    vulkan finished in 0.00 seconds. Local cache hits 3 (0.00s CPU time), remote cache hits 0 (0.00s CPU time), compiled 0 variants (0.00s CPU time), skipped 0 variants
    Prepared data for serialisation in 0.00s
    gles3 finished in 0.00 seconds. Local cache hits 3 (0.00s CPU time), remote cache hits 0 (0.00s CPU time), compiled 0 variants (0.00s CPU time), skipped 0 variants
    vulkan finished in 0.00 seconds. Local cache hits 3 (0.00s CPU time), remote cache hits 0 (0.00s CPU time), compiled 0 variants (0.00s CPU time), skipped 0 variants
    Prepared data for serialisation in 0.00s
    gles3 finished in 0.00 seconds. Local cache hits 3 (0.00s CPU time), remote cache hits 0 (0.00s CPU time), compiled 0 variants (0.00s CPU time), skipped 0 variants
    vulkan finished in 0.00 seconds. Local cache hits 3 (0.00s CPU time), remote cache hits 0 (0.00s CPU time), compiled 0 variants (0.00s CPU time), skipped 0 variants
    Prepared data for serialisation in 0.00s
    gles3 finished in 0.00 seconds. Local cache hits 3 (0.00s CPU time), remote cache hits 0 (0.00s CPU time), compiled 0 variants (0.00s CPU time), skipped 0 variants
    vulkan finished in 0.00 seconds. Local cache hits 3 (0.00s CPU time), remote cache hits 0 (0.00s CPU time), compiled 0 variants (0.00s CPU time), skipped 0 variants
    Prepared data for serialisation in 0.00s
    gles3 finished in 0.00 seconds. Local cache hits 3 (0.00s CPU time), remote cache hits 0 (0.00s CPU time), compiled 0 variants (0.00s CPU time), skipped 0 variants
    vulkan finished in 0.00 seconds. Local cache hits 3 (0.00s CPU time), remote cache hits 0 (0.00s CPU time), compiled 0 variants (0.00s CPU time), skipped 0 variants
    Prepared data for serialisation in 0.00s
    gles3 finished in 0.00 seconds. Local cache hits 3 (0.00s CPU time), remote cache hits 0 (0.00s CPU time), compiled 0 variants (0.00s CPU time), skipped 0 variants
    vulkan finished in 0.00 seconds. Local cache hits 3 (0.00s CPU time), remote cache hits 0 (0.00s CPU time), compiled 0 variants (0.00s CPU time), skipped 0 variants
    Prepared data for serialisation in 0.00s
    gles3 finished in 0.00 seconds. Local cache hits 3 (0.00s CPU time), remote cache hits 0 (0.00s CPU time), compiled 0 variants (0.00s CPU time), skipped 0 variants
    vulkan finished in 0.00 seconds. Local cache hits 3 (0.00s CPU time), remote cache hits 0 (0.00s CPU time), compiled 0 variants (0.00s CPU time), skipped 0 variants
    Prepared data for serialisation in 0.00s
    gles3 finished in 0.00 seconds. Local cache hits 3 (0.00s CPU time), remote cache hits 0 (0.00s CPU time), compiled 0 variants (0.00s CPU time), skipped 0 variants
    vulkan finished in 0.00 seconds. Local cache hits 3 (0.00s CPU time), remote cache hits 0 (0.00s CPU time), compiled 0 variants (0.00s CPU time), skipped 0 variants
    Prepared data for serialisation in 0.00s
    gles3 finished in 0.00 seconds. Local cache hits 3 (0.00s CPU time), remote cache hits 0 (0.00s CPU time), compiled 0 variants (0.00s CPU time), skipped 0 variants
    vulkan finished in 0.00 seconds. Local cache hits 3 (0.00s CPU time), remote cache hits 0 (0.00s CPU time), compiled 0 variants (0.00s CPU time), skipped 0 variants
    Prepared data for serialisation in 0.00s
Serialized binary data for shader Hidden/Internal-ODSWorldTexture in 0.00s
    gles3 (total internal programs: 30, unique: 9)
    vulkan (total internal programs: 30, unique: 9)
Compiling shader "Hidden/Internal-CubemapToEquirect" pass "" (vp)
    Target graphics API: gles3
    Full variant space:         1
    After settings filtering:   1
    After built-in stripping:   3
    After scriptable stripping: 3
    Processed in 0.00 seconds
    starting compilation...
    Target graphics API: vulkan
    Full variant space:         1
    After settings filtering:   1
    After built-in stripping:   3
    After scriptable stripping: 3
    Processed in 0.00 seconds
    starting compilation...
    gles3 finished in 0.00 seconds. Local cache hits 3 (0.00s CPU time), remote cache hits 0 (0.00s CPU time), compiled 0 variants (0.00s CPU time), skipped 0 variants
    vulkan finished in 0.00 seconds. Local cache hits 3 (0.00s CPU time), remote cache hits 0 (0.00s CPU time), compiled 0 variants (0.00s CPU time), skipped 0 variants
    Prepared data for serialisation in 0.00s
Serialized binary data for shader Hidden/Internal-CubemapToEquirect in 0.00s
    gles3 (total internal programs: 3, unique: 1)
    vulkan (total internal programs: 3, unique: 1)
Compiling shader "Hidden/VR/BlitFromTex2DToTexArraySlice" pass "" (vp)
    Target graphics API: gles3
    Full variant space:         1
    After settings filtering:   1
    After built-in stripping:   3
    After scriptable stripping: 3
    Processed in 0.00 seconds
    starting compilation...
Compiling shader "Hidden/VR/BlitFromTex2DToTexArraySlice" pass "" (vp)
    Target graphics API: gles3
    Full variant space:         1
    After settings filtering:   1
    After built-in stripping:   3
    After scriptable stripping: 3
    Processed in 0.00 seconds
    starting compilation...
    Target graphics API: vulkan
    Full variant space:         1
    After settings filtering:   1
    After built-in stripping:   3
    After scriptable stripping: 3
    Processed in 0.00 seconds
    starting compilation...
    gles3 finished in 0.00 seconds. Local cache hits 3 (0.00s CPU time), remote cache hits 0 (0.00s CPU time), compiled 0 variants (0.00s CPU time), skipped 0 variants
    Prepared data for serialisation in 0.00s
    gles3 finished in 0.00 seconds. Local cache hits 3 (0.00s CPU time), remote cache hits 0 (0.00s CPU time), compiled 0 variants (0.00s CPU time), skipped 0 variants
    vulkan finished in 0.00 seconds. Local cache hits 3 (0.00s CPU time), remote cache hits 0 (0.00s CPU time), compiled 0 variants (0.00s CPU time), skipped 0 variants
    Prepared data for serialisation in 0.00s
Serialized binary data for shader Hidden/VR/BlitFromTex2DToTexArraySlice in 0.00s
    gles3 (total internal programs: 6, unique: 2)
    vulkan (total internal programs: 3, unique: 1)
Compiling shader "Hidden/VideoComposite" pass "Default" (vp)
    Target graphics API: gles3
    Full variant space:         1
    After settings filtering:   1
    After built-in stripping:   3
    After scriptable stripping: 3
    Processed in 0.00 seconds
    starting compilation...
    Target graphics API: vulkan
    Full variant space:         1
    After settings filtering:   1
    After built-in stripping:   3
    After scriptable stripping: 3
    Processed in 0.00 seconds
    starting compilation...
    gles3 finished in 0.00 seconds. Local cache hits 3 (0.00s CPU time), remote cache hits 0 (0.00s CPU time), compiled 0 variants (0.00s CPU time), skipped 0 variants
    vulkan finished in 0.00 seconds. Local cache hits 3 (0.00s CPU time), remote cache hits 0 (0.00s CPU time), compiled 0 variants (0.00s CPU time), skipped 0 variants
    Prepared data for serialisation in 0.00s
Serialized binary data for shader Hidden/VideoComposite in 0.00s
    gles3 (total internal programs: 3, unique: 1)
    vulkan (total internal programs: 3, unique: 1)
Compiling shader "Hidden/VideoDecode" pass "YCbCr_To_RGB1" (vp)
    Target graphics API: gles3
    Full variant space:         2
    After settings filtering:   2
    After built-in stripping:   6
    After scriptable stripping: 6
    Processed in 0.00 seconds
    starting compilation...
    Target graphics API: vulkan
    Full variant space:         2
    After settings filtering:   2
    After built-in stripping:   6
    After scriptable stripping: 6
    Processed in 0.00 seconds
    starting compilation...
Compiling shader "Hidden/VideoDecode" pass "YCbCrA_To_RGBAFull" (vp)
    Target graphics API: gles3
    Full variant space:         2
    After settings filtering:   2
    After built-in stripping:   6
    After scriptable stripping: 6
    Processed in 0.00 seconds
    starting compilation...
    Target graphics API: vulkan
    Full variant space:         2
    After settings filtering:   2
    After built-in stripping:   6
    After scriptable stripping: 6
    Processed in 0.00 seconds
    starting compilation...
Compiling shader "Hidden/VideoDecode" pass "YCbCrA_To_RGBA" (vp)
    Target graphics API: gles3
    Full variant space:         2
    After settings filtering:   2
    After built-in stripping:   6
    After scriptable stripping: 6
    Processed in 0.00 seconds
    starting compilation...
    Target graphics API: vulkan
    Full variant space:         2
    After settings filtering:   2
    After built-in stripping:   6
    After scriptable stripping: 6
    Processed in 0.00 seconds
    starting compilation...
Compiling shader "Hidden/VideoDecode" pass "Flip_RGBA_To_RGBA" (vp)
    Target graphics API: gles3
    Full variant space:         2
    After settings filtering:   2
    After built-in stripping:   6
    After scriptable stripping: 6
    Processed in 0.00 seconds
    starting compilation...
    Target graphics API: vulkan
    Full variant space:         2
    After settings filtering:   2
    After built-in stripping:   6
    After scriptable stripping: 6
    Processed in 0.00 seconds
    starting compilation...
Compiling shader "Hidden/VideoDecode" pass "Flip_RGBASplit_To_RGBA" (vp)
    Target graphics API: gles3
    Full variant space:         2
    After settings filtering:   2
    After built-in stripping:   6
    After scriptable stripping: 6
    Processed in 0.00 seconds
    starting compilation...
    Target graphics API: vulkan
    Full variant space:         2
    After settings filtering:   2
    After built-in stripping:   6
    After scriptable stripping: 6
    Processed in 0.00 seconds
    starting compilation...
Compiling shader "Hidden/VideoDecode" pass "Flip_NV12_To_RGB1" (vp)
    Target graphics API: gles3
    Full variant space:         2
    After settings filtering:   2
    After built-in stripping:   6
    After scriptable stripping: 6
    Processed in 0.00 seconds
    starting compilation...
    Target graphics API: vulkan
    Full variant space:         2
    After settings filtering:   2
    After built-in stripping:   6
    After scriptable stripping: 6
    Processed in 0.00 seconds
    starting compilation...
Compiling shader "Hidden/VideoDecode" pass "Flip_NV12_To_RGBA" (vp)
    Target graphics API: gles3
    Full variant space:         2
    After settings filtering:   2
    After built-in stripping:   6
    After scriptable stripping: 6
    Processed in 0.00 seconds
    starting compilation...
    Target graphics API: vulkan
    Full variant space:         2
    After settings filtering:   2
    After built-in stripping:   6
    After scriptable stripping: 6
    Processed in 0.00 seconds
    starting compilation...
Compiling shader "Hidden/VideoDecode" pass "Flip_P010_To_RGB1" (vp)
    Target graphics API: gles3
    Full variant space:         1
    After settings filtering:   1
    After built-in stripping:   3
    After scriptable stripping: 3
    Processed in 0.00 seconds
    starting compilation...
    Target graphics API: vulkan
    Full variant space:         1
    After settings filtering:   1
    After built-in stripping:   3
    After scriptable stripping: 3
    Processed in 0.00 seconds
    starting compilation...
    gles3 finished in 0.00 seconds. Local cache hits 6 (0.00s CPU time), remote cache hits 0 (0.00s CPU time), compiled 0 variants (0.00s CPU time), skipped 0 variants
    vulkan finished in 0.00 seconds. Local cache hits 6 (0.00s CPU time), remote cache hits 0 (0.00s CPU time), compiled 0 variants (0.00s CPU time), skipped 0 variants
    Prepared data for serialisation in 0.00s
    gles3 finished in 0.00 seconds. Local cache hits 6 (0.00s CPU time), remote cache hits 0 (0.00s CPU time), compiled 0 variants (0.00s CPU time), skipped 0 variants
    vulkan finished in 0.00 seconds. Local cache hits 6 (0.00s CPU time), remote cache hits 0 (0.00s CPU time), compiled 0 variants (0.00s CPU time), skipped 0 variants
    Prepared data for serialisation in 0.00s
    gles3 finished in 0.00 seconds. Local cache hits 6 (0.00s CPU time), remote cache hits 0 (0.00s CPU time), compiled 0 variants (0.00s CPU time), skipped 0 variants
    vulkan finished in 0.00 seconds. Local cache hits 6 (0.00s CPU time), remote cache hits 0 (0.00s CPU time), compiled 0 variants (0.00s CPU time), skipped 0 variants
    Prepared data for serialisation in 0.00s
    gles3 finished in 0.00 seconds. Local cache hits 6 (0.00s CPU time), remote cache hits 0 (0.00s CPU time), compiled 0 variants (0.00s CPU time), skipped 0 variants
    vulkan finished in 0.00 seconds. Local cache hits 6 (0.00s CPU time), remote cache hits 0 (0.00s CPU time), compiled 0 variants (0.00s CPU time), skipped 0 variants
    Prepared data for serialisation in 0.00s
    gles3 finished in 0.00 seconds. Local cache hits 6 (0.00s CPU time), remote cache hits 0 (0.00s CPU time), compiled 0 variants (0.00s CPU time), skipped 0 variants
    vulkan finished in 0.00 seconds. Local cache hits 6 (0.00s CPU time), remote cache hits 0 (0.00s CPU time), compiled 0 variants (0.00s CPU time), skipped 0 variants
    Prepared data for serialisation in 0.00s
    gles3 finished in 0.00 seconds. Local cache hits 6 (0.00s CPU time), remote cache hits 0 (0.00s CPU time), compiled 0 variants (0.00s CPU time), skipped 0 variants
    vulkan finished in 0.00 seconds. Local cache hits 6 (0.00s CPU time), remote cache hits 0 (0.00s CPU time), compiled 0 variants (0.00s CPU time), skipped 0 variants
    Prepared data for serialisation in 0.00s
    gles3 finished in 0.00 seconds. Local cache hits 6 (0.00s CPU time), remote cache hits 0 (0.00s CPU time), compiled 0 variants (0.00s CPU time), skipped 0 variants
    vulkan finished in 0.00 seconds. Local cache hits 6 (0.00s CPU time), remote cache hits 0 (0.00s CPU time), compiled 0 variants (0.00s CPU time), skipped 0 variants
    Prepared data for serialisation in 0.00s
    gles3 finished in 0.00 seconds. Local cache hits 3 (0.00s CPU time), remote cache hits 0 (0.00s CPU time), compiled 0 variants (0.00s CPU time), skipped 0 variants
    vulkan finished in 0.00 seconds. Local cache hits 3 (0.00s CPU time), remote cache hits 0 (0.00s CPU time), compiled 0 variants (0.00s CPU time), skipped 0 variants
    Prepared data for serialisation in 0.00s
Serialized binary data for shader Hidden/VideoDecode in 0.00s
    gles3 (total internal programs: 45, unique: 15)
    vulkan (total internal programs: 45, unique: 15)
Compiling shader "Hidden/VideoDecodeAndroid" pass "RGBAExternal_To_RGBA" (vp)
    Target graphics API: gles3
    Full variant space:         2
    After settings filtering:   2
    After built-in stripping:   6
    After scriptable stripping: 6
    Processed in 0.00 seconds
    starting compilation...
Compiling shader "Hidden/VideoDecodeAndroid" pass "RGBASplitExternal_To_RGBA" (vp)
    Target graphics API: gles3
    Full variant space:         2
    After settings filtering:   2
    After built-in stripping:   6
    After scriptable stripping: 6
    Processed in 0.00 seconds
    starting compilation...
    gles3 finished in 0.00 seconds. Local cache hits 6 (0.00s CPU time), remote cache hits 0 (0.00s CPU time), compiled 0 variants (0.00s CPU time), skipped 0 variants
    Prepared data for serialisation in 0.00s
    gles3 finished in 0.00 seconds. Local cache hits 6 (0.00s CPU time), remote cache hits 0 (0.00s CPU time), compiled 0 variants (0.00s CPU time), skipped 0 variants
    Prepared data for serialisation in 0.00s
Serialized binary data for shader Hidden/VideoDecodeAndroid in 0.00s
    gles3 (total internal programs: 12, unique: 12)
    vulkan (total internal programs: 0, unique: 0)
Compiling shader "Hidden/TextCore/Distance Field SSD" pass "" (vp)
    Target graphics API: gles3
    Full variant space:         1
    After settings filtering:   1
    After built-in stripping:   3
    After scriptable stripping: 3
    Processed in 0.00 seconds
    starting compilation...
    Target graphics API: vulkan
    Full variant space:         1
    After settings filtering:   1
    After built-in stripping:   3
    After scriptable stripping: 3
    Processed in 0.00 seconds
    starting compilation...
    gles3 finished in 0.00 seconds. Local cache hits 3 (0.00s CPU time), remote cache hits 0 (0.00s CPU time), compiled 0 variants (0.00s CPU time), skipped 0 variants
    vulkan finished in 0.00 seconds. Local cache hits 3 (0.00s CPU time), remote cache hits 0 (0.00s CPU time), compiled 0 variants (0.00s CPU time), skipped 0 variants
    Prepared data for serialisation in 0.00s
Serialized binary data for shader Hidden/TextCore/Distance Field SSD in 0.00s
    gles3 (total internal programs: 3, unique: 1)
    vulkan (total internal programs: 3, unique: 1)
Compiling shader "Hidden/Physics2D/SDF_CircleGeometry" pass "" (vp)
    Target graphics API: gles3
    Full variant space:         2
    After settings filtering:   2
    After built-in stripping:   3
    After scriptable stripping: 3
    Processed in 0.00 seconds
    starting compilation...
    Target graphics API: vulkan
    Full variant space:         2
    After settings filtering:   2
    After built-in stripping:   3
    After scriptable stripping: 3
    Processed in 0.00 seconds
    starting compilation...
    gles3 finished in 0.00 seconds. Local cache hits 3 (0.00s CPU time), remote cache hits 0 (0.00s CPU time), compiled 0 variants (0.00s CPU time), skipped 0 variants
    vulkan finished in 0.00 seconds. Local cache hits 3 (0.00s CPU time), remote cache hits 0 (0.00s CPU time), compiled 0 variants (0.00s CPU time), skipped 0 variants
    Prepared data for serialisation in 0.00s
Serialized binary data for shader Hidden/Physics2D/SDF_CircleGeometry in 0.00s
    gles3 (total internal programs: 3, unique: 1)
    vulkan (total internal programs: 3, unique: 1)
Compiling shader "Hidden/Physics2D/SDF_CapsuleGeometry" pass "" (vp)
    Target graphics API: gles3
    Full variant space:         2
    After settings filtering:   2
    After built-in stripping:   3
    After scriptable stripping: 3
    Processed in 0.00 seconds
    starting compilation...
    Target graphics API: vulkan
    Full variant space:         2
    After settings filtering:   2
    After built-in stripping:   3
    After scriptable stripping: 3
    Processed in 0.00 seconds
    starting compilation...
    gles3 finished in 0.00 seconds. Local cache hits 3 (0.00s CPU time), remote cache hits 0 (0.00s CPU time), compiled 0 variants (0.00s CPU time), skipped 0 variants
    vulkan finished in 0.00 seconds. Local cache hits 3 (0.00s CPU time), remote cache hits 0 (0.00s CPU time), compiled 0 variants (0.00s CPU time), skipped 0 variants
    Prepared data for serialisation in 0.00s
Serialized binary data for shader Hidden/Physics2D/SDF_CapsuleGeometry in 0.00s
    gles3 (total internal programs: 3, unique: 1)
    vulkan (total internal programs: 3, unique: 1)
Compiling shader "Hidden/Physics2D/SDF_PolygonGeometry" pass "" (vp)
    Target graphics API: gles3
    Full variant space:         2
    After settings filtering:   2
    After built-in stripping:   3
    After scriptable stripping: 3
    Processed in 0.00 seconds
    starting compilation...
    Target graphics API: vulkan
    Full variant space:         2
    After settings filtering:   2
    After built-in stripping:   3
    After scriptable stripping: 3
    Processed in 0.00 seconds
    starting compilation...
    gles3 finished in 0.00 seconds. Local cache hits 3 (0.00s CPU time), remote cache hits 0 (0.00s CPU time), compiled 0 variants (0.00s CPU time), skipped 0 variants
    vulkan finished in 0.00 seconds. Local cache hits 3 (0.00s CPU time), remote cache hits 0 (0.00s CPU time), compiled 0 variants (0.00s CPU time), skipped 0 variants
    Prepared data for serialisation in 0.00s
Serialized binary data for shader Hidden/Physics2D/SDF_PolygonGeometry in 0.00s
    gles3 (total internal programs: 3, unique: 1)
    vulkan (total internal programs: 3, unique: 1)
Compiling shader "Hidden/Physics2D/SDF_Line" pass "" (vp)
    Target graphics API: gles3
    Full variant space:         2
    After settings filtering:   2
    After built-in stripping:   3
    After scriptable stripping: 3
    Processed in 0.00 seconds
    starting compilation...
    Target graphics API: vulkan
    Full variant space:         2
    After settings filtering:   2
    After built-in stripping:   3
    After scriptable stripping: 3
    Processed in 0.00 seconds
    starting compilation...
    gles3 finished in 0.00 seconds. Local cache hits 3 (0.00s CPU time), remote cache hits 0 (0.00s CPU time), compiled 0 variants (0.00s CPU time), skipped 0 variants
    vulkan finished in 0.00 seconds. Local cache hits 3 (0.00s CPU time), remote cache hits 0 (0.00s CPU time), compiled 0 variants (0.00s CPU time), skipped 0 variants
    Prepared data for serialisation in 0.00s
Serialized binary data for shader Hidden/Physics2D/SDF_Line in 0.00s
    gles3 (total internal programs: 3, unique: 1)
    vulkan (total internal programs: 3, unique: 1)
Compiling shader "Hidden/Physics2D/SDF_Point" pass "" (vp)
    Target graphics API: gles3
    Full variant space:         2
    After settings filtering:   2
    After built-in stripping:   3
    After scriptable stripping: 3
    Processed in 0.00 seconds
    starting compilation...
    Target graphics API: vulkan
    Full variant space:         2
    After settings filtering:   2
    After built-in stripping:   3
    After scriptable stripping: 3
    Processed in 0.00 seconds
    starting compilation...
    gles3 finished in 0.00 seconds. Local cache hits 3 (0.00s CPU time), remote cache hits 0 (0.00s CPU time), compiled 0 variants (0.00s CPU time), skipped 0 variants
    vulkan finished in 0.00 seconds. Local cache hits 3 (0.00s CPU time), remote cache hits 0 (0.00s CPU time), compiled 0 variants (0.00s CPU time), skipped 0 variants
    Prepared data for serialisation in 0.00s
Serialized binary data for shader Hidden/Physics2D/SDF_Point in 0.00s
    gles3 (total internal programs: 3, unique: 1)
    vulkan (total internal programs: 3, unique: 1)
DisplayProgressbar: Initializing
Android PostProcess task "Initializing" took 0.3991 ms
DisplayProgressbar: Check gradle project collisions
Android PostProcess task "Check gradle project collisions" took 0.0983 ms
DisplayProgressbar: Preparing banner
Android PostProcess task "Preparing banner" took 0.1476 ms
[40m[32minfo[39m[22m[49m: Microsoft.AspNetCore.Hosting.Diagnostics[1]
      Request starting HTTP/2 POST http://ilpp/UnityILPP.PostProcessing/Ping application/grpc -
[40m[32minfo[39m[22m[49m: Microsoft.AspNetCore.Routing.EndpointMiddleware[0]
      Executing endpoint 'gRPC - /UnityILPP.PostProcessing/Ping'
[40m[32minfo[39m[22m[49m: Microsoft.AspNetCore.Routing.EndpointMiddleware[1]
      Executed endpoint 'gRPC - /UnityILPP.PostProcessing/Ping'
[40m[32minfo[39m[22m[49m: Microsoft.AspNetCore.Hosting.Diagnostics[2]
      Request finished HTTP/2 POST http://ilpp/UnityILPP.PostProcessing/Ping application/grpc - - 200 - application/grpc 0.1482ms
Starting: /Applications/Unity/Hub/Editor/6000.3.2f1/Unity.app/Contents/Resources/BuildPipeline/bee_backend --ipc --dagfile="Library/Bee/Playerf0c4891e.dag" --profile="Library/Bee/backend1.traceevents" Player
WorkingDir: /Users/fit0721/Documents/GitHub/bigtwo/Unity
Rebuilding DAG because FileSignature timestamp changed: Library/Bee/Playerf0c4891e-inputdata.json
*** Tundra requires additional run (0.01 seconds), 0 items updated, 0 evaluated
Starting: /Applications/Unity/Hub/Editor/6000.3.2f1/Unity.app/Contents/Resources/Scripting/netcorerun/netcorerun "/Applications/Unity/Hub/Editor/6000.3.2f1/PlaybackEngines/AndroidPlayer/AndroidPlayerBuildProgram.exe" "/Applications/Unity/Hub/Editor/6000.3.2f1/PlaybackEngines/AndroidPlayer/Bee:/Applications/Unity/Hub/Editor/6000.3.2f1/Unity.app/Contents/Resources/BuildPipeline" "Library/Bee/Playerf0c4891e.dag.json" "Library/Bee/Playerf0c4891e-inputdata.json" "Library/Bee/buildprogram0.traceevents"
WorkingDir: /Users/fit0721/Documents/GitHub/bigtwo/Unity
ExitCode: 4 Duration: 0s106ms
DisplayProgressbar: Incremental Player Build
ExitCode: 0 Duration: 0s424ms
Starting: /Applications/Unity/Hub/Editor/6000.3.2f1/Unity.app/Contents/Resources/BuildPipeline/bee_backend --ipc --dagfile="Library/Bee/Playerf0c4891e.dag" --dagfilejson="Library/Bee/Playerf0c4891e.dag.json" --profile="Library/Bee/backend2.traceevents" Player
WorkingDir: /Users/fit0721/Documents/GitHub/bigtwo/Unity
Finished compiling graph: 712 nodes, 1772 flattened edges (1768 ToBuild, 4 ToUse), maximum node priority 329
[ 43/521    0s] WriteText Library/Bee/artifacts/csharpactions/IntermediateLauncherManifestDiag.txt_4oyd.info
[180/521    0s] CopyFiles /Users/fit0721/Documents/GitHub/bigtwo/Unity/Library/Bee/Android/Prj/IL2CPP/Gradle/unityLibrary/src/main/assets/bin/Data/globalgamemanagers
[181/521    0s] CopyFiles /Users/fit0721/Documents/GitHub/bigtwo/Unity/Library/Bee/Android/Prj/IL2CPP/Gradle/unityLibrary/src/main/assets/bin/Data/Resources/unity_builtin_extra
[183/521    0s] AddBootConfigGUID Library/Bee/artifacts/Android/boot.config
[184/521    0s] SplitFile Library/Bee/artifacts/Android/Split/level0
[185/521    0s] SplitFile Library/Bee/artifacts/Android/Split/sharedassets0.assets
[186/521    0s] SplitFile Library/Bee/artifacts/Android/Split/globalgamemanagers.assets
[187/521    0s] CopyFiles /Users/fit0721/Documents/GitHub/bigtwo/Unity/Library/Bee/Android/Prj/IL2CPP/Gradle/unityLibrary/src/main/assets/bin/Data/level0
[188/521    0s] CopyFiles /Users/fit0721/Documents/GitHub/bigtwo/Unity/Library/Bee/Android/Prj/IL2CPP/Gradle/unityLibrary/src/main/assets/bin/Data/sharedassets0.assets
[189/521    0s] CopyFiles /Users/fit0721/Documents/GitHub/bigtwo/Unity/Library/Bee/Android/Prj/IL2CPP/Gradle/unityLibrary/src/main/assets/bin/Data/globalgamemanagers.assets.split0
[190/521    0s] CopyFiles /Users/fit0721/Documents/GitHub/bigtwo/Unity/Library/Bee/Android/Prj/IL2CPP/Gradle/unityLibrary/src/main/assets/bin/Data/globalgamemanagers.assets.split1
[191/521    0s] CopyFiles /Users/fit0721/Documents/GitHub/bigtwo/Unity/Library/Bee/Android/Prj/IL2CPP/Gradle/unityLibrary/src/main/assets/bin/Data/globalgamemanagers.assets.split2
[192/521    0s] CopyFiles /Users/fit0721/Documents/GitHub/bigtwo/Unity/Library/Bee/Android/Prj/IL2CPP/Gradle/unityLibrary/src/main/assets/bin/Data/boot.config
[193/521    1s] UnityLinker /Users/fit0721/Documents/GitHub/bigtwo/Unity/Library/Bee/artifacts/unitylinker_xy1a.traceevents
/Applications/Unity/Hub/Editor/6000.3.2f1/Unity.app/Contents/Resources/Scripting/il2cpp/build/deploy/UnityLinker --allowed-assembly=/Applications/Unity/Hub/Editor/6000.3.2f1/PlaybackEngines/AndroidPlayer/Variations/il2cpp/Managed/UnityEngine.AIModule.dll --allowed-assembly=/Applications/Unity/Hub/Editor/6000.3.2f1/PlaybackEngines/AndroidPlayer/Variations/il2cpp/Managed/UnityEngine.ARModule.dll --allowed-assembly=/Applications/Unity/Hub/Editor/6000.3.2f1/PlaybackEngines/AndroidPlayer/Variations/il2cpp/Managed/UnityEngine.AccessibilityModule.dll --allowed-assembly=/Applications/Unity/Hub/Editor/6000.3.2f1/PlaybackEngines/AndroidPlayer/Variations/il2cpp/Managed/UnityEngine.AdaptivePerformanceModule.dll --allowed-assembly=/Applications/Unity/Hub/Editor/6000.3.2f1/PlaybackEngines/AndroidPlayer/Variations/il2cpp/Managed/UnityEngine.AndroidJNIModule.dll --allowed-assembly=/Applications/Unity/Hub/Editor/6000.3.2f1/PlaybackEngines/AndroidPlayer/Variations/il2cpp/Managed/UnityEngine.AnimationModule.dll --allowed-assembly=/Applications/Unity/Hub/Editor/6000.3.2f1/PlaybackEngines/AndroidPlayer/Variations/il2cpp/Managed/UnityEngine.AssetBundleModule.dll --allowed-assembly=/Applications/Unity/Hub/Editor/6000.3.2f1/PlaybackEngines/AndroidPlayer/Variations/il2cpp/Managed/UnityEngine.AudioModule.dll --allowed-assembly=/Applications/Unity/Hub/Editor/6000.3.2f1/PlaybackEngines/AndroidPlayer/Variations/il2cpp/Managed/UnityEngine.ClothModule.dll --allowed-assembly=/Applications/Unity/Hub/Editor/6000.3.2f1/PlaybackEngines/AndroidPlayer/Variations/il2cpp/Managed/UnityEngine.ContentLoadModule.dll --allowed-assembly=/Applications/Unity/Hub/Editor/6000.3.2f1/PlaybackEngines/AndroidPlayer/Variations/il2cpp/Managed/UnityEngine.CoreModule.dll --allowed-assembly=/Applications/Unity/Hub/Editor/6000.3.2f1/PlaybackEngines/AndroidPlayer/Variations/il2cpp/Managed/UnityEngine.CrashReportingModule.dll --allowed-assembly=/Applications/Unity/Hub/Editor/6000.3.2f1/PlaybackEngines/AndroidPlayer/Variations/il2cpp/Managed/UnityEngine.DSPGraphModule.dll --allowed-assembly=/Applications/Unity/Hub/Editor/6000.3.2f1/PlaybackEngines/AndroidPlayer/Variations/il2cpp/Managed/UnityEngine.DirectorModule.dll --allowed-assembly=/Applications/Unity/Hub/Editor/6000.3.2f1/PlaybackEngines/AndroidPlayer/Variations/il2cpp/Managed/UnityEngine.GIModule.dll --allowed-assembly=/Applications/Unity/Hub/Editor/6000.3.2f1/PlaybackEngines/AndroidPlayer/Variations/il2cpp/Managed/UnityEngine.GameCenterModule.dll --allowed-assembly=/Applications/Unity/Hub/Editor/6000.3.2f1/PlaybackEngines/AndroidPlayer/Variations/il2cpp/Managed/UnityEngine.GraphicsStateCollectionSerializerModule.dll --allowed-assembly=/Applications/Unity/Hub/Editor/6000.3.2f1/PlaybackEngines/AndroidPlayer/Variations/il2cpp/Managed/UnityEngine.GridModule.dll --allowed-assembly=/Applications/Unity/Hub/Editor/6000.3.2f1/PlaybackEngines/AndroidPlayer/Variations/il2cpp/Managed/UnityEngine.HierarchyCoreModule.dll --allowed-assembly=/Applications/Unity/Hub/Editor/6000.3.2f1/PlaybackEngines/AndroidPlayer/Variations/il2cpp/Managed/UnityEngine.HierarchyModule.dll --allowed-assembly=/Applications/Unity/Hub/Editor/6000.3.2f1/PlaybackEngines/AndroidPlayer/Variations/il2cpp/Managed/UnityEngine.HotReloadModule.dll --allowed-assembly=/Applications/Unity/Hub/Editor/6000.3.2f1/PlaybackEngines/AndroidPlayer/Variations/il2cpp/Managed/UnityEngine.IMGUIModule.dll --allowed-assembly=/Applications/Unity/Hub/Editor/6000.3.2f1/PlaybackEngines/AndroidPlayer/Variations/il2cpp/Managed/UnityEngine.IdentifiersModule.dll --allowed-assembly=/Applications/Unity/Hub/Editor/6000.3.2f1/PlaybackEngines/AndroidPlayer/Variations/il2cpp/Managed/UnityEngine.ImageConversionModule.dll --allowed-assembly=/Applications/Unity/Hub/Editor/6000.3.2f1/PlaybackEngines/AndroidPlayer/Variations/il2cpp/Managed/UnityEngine.InputForUIModule.dll --allowed-assembly=/Applications/Unity/Hub/Editor/6000.3.2f1/PlaybackEngines/AndroidPlayer/Variations/il2cpp/Managed/UnityEngine.InputLegacyModule.dll --allowed-assembly=/Applications/Unity/Hub/Editor/6000.3.2f1/PlaybackEngines/AndroidPlayer/Variations/il2cpp/Managed/UnityEngine.InputModule.dll --allowed-assembly=/Applications/Unity/Hub/Editor/6000.3.2f1/PlaybackEngines/AndroidPlayer/Variations/il2cpp/Managed/UnityEngine.InsightsModule.dll --allowed-assembly=/Applications/Unity/Hub/Editor/6000.3.2f1/PlaybackEngines/AndroidPlayer/Variations/il2cpp/Managed/UnityEngine.JSONSerializeModule.dll --allowed-assembly=/Applications/Unity/Hub/Editor/6000.3.2f1/PlaybackEngines/AndroidPlayer/Variations/il2cpp/Managed/UnityEngine.LocalizationModule.dll --allowed-assembly=/Applications/Unity/Hub/Editor/6000.3.2f1/PlaybackEngines/AndroidPlayer/Variations/il2cpp/Managed/UnityEngine.MarshallingModule.dll --allowed-assembly=/Applications/Unity/Hub/Editor/6000.3.2f1/PlaybackEngines/AndroidPlayer/Variations/il2cpp/Managed/UnityEngine.MultiplayerModule.dll --allowed-assembly=/Applications/Unity/Hub/Editor/6000.3.2f1/PlaybackEngines/AndroidPlayer/Variations/il2cpp/Managed/UnityEngine.ParticleSystemModule.dll --allowed-assembly=/Applications/Unity/Hub/Editor/6000.3.2f1/PlaybackEngines/AndroidPlayer/Variations/il2cpp/Managed/UnityEngine.PerformanceReportingModule.dll --allowed-assembly=/Applications/Unity/Hub/Editor/6000.3.2f1/PlaybackEngines/AndroidPlayer/Variations/il2cpp/Managed/UnityEngine.Physics2DModule.dll --allowed-assembly=/Applications/Unity/Hub/Editor/6000.3.2f1/PlaybackEngines/AndroidPlayer/Variations/il2cpp/Managed/UnityEngine.PhysicsBackendPhysXModule.dll --allowed-assembly=/Applications/Unity/Hub/Editor/6000.3.2f1/PlaybackEngines/AndroidPlayer/Variations/il2cpp/Managed/UnityEngine.PhysicsModule.dll --allowed-assembly=/Applications/Unity/Hub/Editor/6000.3.2f1/PlaybackEngines/AndroidPlayer/Variations/il2cpp/Managed/UnityEngine.PropertiesModule.dll --allowed-assembly=/Applications/Unity/Hub/Editor/6000.3.2f1/PlaybackEngines/AndroidPlayer/Variations/il2cpp/Managed/UnityEngine.RenderAs2DModule.dll --allowed-assembly=/Applications/Unity/Hub/Editor/6000.3.2f1/PlaybackEngines/AndroidPlayer/Variations/il2cpp/Managed/UnityEngine.RuntimeInitializeOnLoadManagerInitializerModule.dll --allowed-assembly=/Applications/Unity/Hub/Editor/6000.3.2f1/PlaybackEngines/AndroidPlayer/Variations/il2cpp/Managed/UnityEngine.ScreenCaptureModule.dll --allowed-assembly=/Applications/Unity/Hub/Editor/6000.3.2f1/PlaybackEngines/AndroidPlayer/Variations/il2cpp/Managed/UnityEngine.ShaderRuntimeModule.dll --allowed-assembly=/Applications/Unity/Hub/Editor/6000.3.2f1/PlaybackEngines/AndroidPlayer/Variations/il2cpp/Managed/UnityEngine.ShaderVariantAnalyticsModule.dll --allowed-assembly=/Applications/Unity/Hub/Editor/6000.3.2f1/PlaybackEngines/AndroidPlayer/Variations/il2cpp/Managed/UnityEngine.SharedInternalsModule.dll --allowed-assembly=/Applications/Unity/Hub/Editor/6000.3.2f1/PlaybackEngines/AndroidPlayer/Variations/il2cpp/Managed/UnityEngine.SpriteMaskModule.dll --allowed-assembly=/Applications/Unity/Hub/Editor/6000.3.2f1/PlaybackEngines/AndroidPlayer/Variations/il2cpp/Managed/UnityEngine.SpriteShapeModule.dll --allowed-assembly=/Applications/Unity/Hub/Editor/6000.3.2f1/PlaybackEngines/AndroidPlayer/Variations/il2cpp/Managed/UnityEngine.StreamingModule.dll --allowed-assembly=/Applications/Unity/Hub/Editor/6000.3.2f1/PlaybackEngines/AndroidPlayer/Variations/il2cpp/Managed/UnityEngine.SubstanceModule.dll --allowed-assembly=/Applications/Unity/Hub/Editor/6000.3.2f1/PlaybackEngines/AndroidPlayer/Variations/il2cpp/Managed/UnityEngine.SubsystemsModule.dll --allowed-assembly=/Applications/Unity/Hub/Editor/6000.3.2f1/PlaybackEngines/AndroidPlayer/Variations/il2cpp/Managed/UnityEngine.TLSModule.dll --allowed-assembly=/Applications/Unity/Hub/Editor/6000.3.2f1/PlaybackEngines/AndroidPlayer/Variations/il2cpp/Managed/UnityEngine.TerrainModule.dll --allowed-assembly=/Applications/Unity/Hub/Editor/6000.3.2f1/PlaybackEngines/AndroidPlayer/Variations/il2cpp/Managed/UnityEngine.TerrainPhysicsModule.dll --allowed-assembly=/Applications/Unity/Hub/Editor/6000.3.2f1/PlaybackEngines/AndroidPlayer/Variations/il2cpp/Managed/UnityEngine.TextCoreFontEngineModule.dll --allowed-assembly=/Applications/Unity/Hub/Editor/6000.3.2f1/PlaybackEngines/AndroidPlayer/Variations/il2cpp/Managed/UnityEngine.TextCoreTextEngineModule.dll --allowed-assembly=/Applications/Unity/Hub/Editor/6000.3.2f1/PlaybackEngines/AndroidPlayer/Variations/il2cpp/Managed/UnityEngine.TextRenderingModule.dll --allowed-assembly=/Applications/Unity/Hub/Editor/6000.3.2f1/PlaybackEngines/AndroidPlayer/Variations/il2cpp/Managed/UnityEngine.TilemapModule.dll --allowed-assembly=/Applications/Unity/Hub/Editor/6000.3.2f1/PlaybackEngines/AndroidPlayer/Variations/il2cpp/Managed/UnityEngine.UIElementsModule.dll --allowed-assembly=/Applications/Unity/Hub/Editor/6000.3.2f1/PlaybackEngines/AndroidPlayer/Variations/il2cpp/Managed/UnityEngine.UIModule.dll --allowed-assembly=/Applications/Unity/Hub/Editor/6000.3.2f1/PlaybackEngines/AndroidPlayer/Variations/il2cpp/Managed/UnityEngine.UmbraModule.dll --allowed-assembly=/Applications/Unity/Hub/Editor/6000.3.2f1/PlaybackEngines/AndroidPlayer/Variations/il2cpp/Managed/UnityEngine.UnityAnalyticsCommonModule.dll --allowed-assembly=/Applications/Unity/Hub/Editor/6000.3.2f1/PlaybackEngines/AndroidPlayer/Variations/il2cpp/Managed/UnityEngine.UnityAnalyticsModule.dll --allowed-assembly=/Applications/Unity/Hub/Editor/6000.3.2f1/PlaybackEngines/AndroidPlayer/Variations/il2cpp/Managed/UnityEngine.UnityConnectModule.dll --allowed-assembly=/Applications/Unity/Hub/Editor/6000.3.2f1/PlaybackEngines/AndroidPlayer/Variations/il2cpp/Managed/UnityEngine.UnityConsentModule.dll --allowed-assembly=/Applications/Unity/Hub/Editor/6000.3.2f1/PlaybackEngines/AndroidPlayer/Variations/il2cpp/Managed/UnityEngine.UnityCurlModule.dll --allowed-assembly=/Applications/Unity/Hub/Editor/6000.3.2f1/PlaybackEngines/AndroidPlayer/Variations/il2cpp/Managed/UnityEngine.UnityWebRequestAssetBundleModule.dll --allowed-assembly=/Applications/Unity/Hub/Editor/6000.3.2f1/PlaybackEngines/AndroidPlayer/Variations/il2cpp/Managed/UnityEngine.UnityWebRequestAudioModule.dll --allowed-assembly=/Applications/Unity/Hub/Editor/6000.3.2f1/PlaybackEngines/AndroidPlayer/Variations/il2cpp/Managed/UnityEngine.UnityWebRequestModule.dll --allowed-assembly=/Applications/Unity/Hub/Editor/6000.3.2f1/PlaybackEngines/AndroidPlayer/Variations/il2cpp/Managed/UnityEngine.UnityWebRequestTextureModule.dll --allowed-assembly=/Applications/Unity/Hub/Editor/6000.3.2f1/PlaybackEngines/AndroidPlayer/Variations/il2cpp/Managed/UnityEngine.UnityWebRequestWWWModule.dll --allowed-assembly=/Applications/Unity/Hub/Editor/6000.3.2f1/PlaybackEngines/AndroidPlayer/Variations/il2cpp/Managed/UnityEngine.VFXModule.dll --allowed-assembly=/Applications/Unity/Hub/Editor/6000.3.2f1/PlaybackEngines/AndroidPlayer/Variations/il2cpp/Managed/UnityEngine.VRModule.dll --allowed-assembly=/Applications/Unity/Hub/Editor/6000.3.2f1/PlaybackEngines/AndroidPlayer/Variations/il2cpp/Managed/UnityEngine.VectorGraphicsModule.dll --allowed-assembly=/Applications/Unity/Hub/Editor/6000.3.2f1/PlaybackEngines/AndroidPlayer/Variations/il2cpp/Managed/UnityEngine.VehiclesModule.dll --allowed-assembly=/Applications/Unity/Hub/Editor/6000.3.2f1/PlaybackEngines/AndroidPlayer/Variations/il2cpp/Managed/UnityEngine.VideoModule.dll --allowed-assembly=/Applications/Unity/Hub/Editor/6000.3.2f1/PlaybackEngines/AndroidPlayer/Variations/il2cpp/Managed/UnityEngine.WindModule.dll --allowed-assembly=/Applications/Unity/Hub/Editor/6000.3.2f1/PlaybackEngines/AndroidPlayer/Variations/il2cpp/Managed/UnityEngine.XRModule.dll --allowed-assembly=/Applications/Unity/Hub/Editor/6000.3.2f1/PlaybackEngines/AndroidPlayer/Variations/il2cpp/Managed/UnityEngine.dll --allowed-assembly=/Users/fit0721/Documents/GitHub/bigtwo/Unity/Library/Bee/PlayerScriptAssemblies/Assembly-CSharp.dll --allowed-assembly=/Users/fit0721/Documents/GitHub/bigtwo/Unity/Library/Bee/PlayerScriptAssemblies/Unity.InternalAPIEngineBridge.004.dll --allowed-assembly=/Users/fit0721/Documents/GitHub/bigtwo/Unity/Library/Bee/PlayerScriptAssemblies/Unity.TextMeshPro.dll --allowed-assembly=/Users/fit0721/Documents/GitHub/bigtwo/Unity/Library/Bee/PlayerScriptAssemblies/UnityEngine.UI.dll --allowed-assembly=/Applications/Unity/Hub/Editor/6000.3.2f1/Unity.app/Contents/Resources/Scripting/MonoBleedingEdge/lib/mono/unityaot-linux/Accessibility.dll --allowed-assembly=/Applications/Unity/Hub/Editor/6000.3.2f1/Unity.app/Contents/Resources/Scripting/MonoBleedingEdge/lib/mono/unityaot-linux/Facades/Microsoft.Win32.Primitives.dll --allowed-assembly=/Applications/Unity/Hub/Editor/6000.3.2f1/Unity.app/Contents/Resources/Scripting/MonoBleedingEdge/lib/mono/unityaot-linux/Facades/Microsoft.Win32.Registry.AccessControl.dll --allowed-assembly=/Applications/Unity/Hub/Editor/6000.3.2f1/Unity.app/Contents/Resources/Scripting/MonoBleedingEdge/lib/mono/unityaot-linux/Facades/Microsoft.Win32.Registry.dll --allowed-assembly=/Applications/Unity/Hub/Editor/6000.3.2f1/Unity.app/Contents/Resources/Scripting/MonoBleedingEdge/lib/mono/unityaot-linux/Facades/System.AppContext.dll --allowed-assembly=/Applications/Unity/Hub/Editor/6000.3.2f1/Unity.app/Contents/Resources/Scripting/MonoBleedingEdge/lib/mono/unityaot-linux/Facades/System.Buffers.dll --allowed-assembly=/Applications/Unity/Hub/Editor/6000.3.2f1/Unity.app/Contents/Resources/Scripting/MonoBleedingEdge/lib/mono/unityaot-linux/Facades/System.Collections.Concurrent.dll --allowed-assembly=/Applications/Unity/Hub/Editor/6000.3.2f1/Unity.app/Contents/Resources/Scripting/MonoBleedingEdge/lib/mono/unityaot-linux/Facades/System.Collections.NonGeneric.dll --allowed-assembly=/Applications/Unity/Hub/Editor/6000.3.2f1/Unity.app/Contents/Resources/Scripting/MonoBleedingEdge/lib/mono/unityaot-linux/Facades/System.Collections.Specialized.dll --allowed-assembly=/Applications/Unity/Hub/Editor/6000.3.2f1/Unity.app/Contents/Resources/Scripting/MonoBleedingEdge/lib/mono/unityaot-linux/Facades/System.Collections.dll --allowed-assembly=/Applications/Unity/Hub/Editor/6000.3.2f1/Unity.app/Contents/Resources/Scripting/MonoBleedingEdge/lib/mono/unityaot-linux/Facades/System.ComponentModel.Annotations.dll --allowed-assembly=/Applications/Unity/Hub/Editor/6000.3.2f1/Unity.app/Contents/Resources/Scripting/MonoBleedingEdge/lib/mono/unityaot-linux/Facades/System.ComponentModel.EventBasedAsync.dll --allowed-assembly=/Applications/Unity/Hub/Editor/6000.3.2f1/Unity.app/Contents/Resources/Scripting/MonoBleedingEdge/lib/mono/unityaot-linux/Facades/System.ComponentModel.Primitives.dll --allowed-assembly=/Applications/Unity/Hub/Editor/6000.3.2f1/Unity.app/Contents/Resources/Scripting/MonoBleedingEdge/lib/mono/unityaot-linux/Facades/System.ComponentModel.TypeConverter.dll --allowed-assembly=/Applications/Unity/Hub/Editor/6000.3.2f1/Unity.app/Contents/Resources/Scripting/MonoBleedingEdge/lib/mono/unityaot-linux/Facades/System.ComponentModel.dll --allowed-assembly=/Applications/Unity/Hub/Editor/6000.3.2f1/Unity.app/Contents/Resources/Scripting/MonoBleedingEdge/lib/mono/unityaot-linux/Facades/System.Console.dll --allowed-assembly=/Applications/Unity/Hub/Editor/6000.3.2f1/Unity.app/Contents/Resources/Scripting/MonoBleedingEdge/lib/mono/unityaot-linux/Facades/System.Data.Common.dll --allowed-assembly=/Applications/Unity/Hub/Editor/6000.3.2f1/Unity.app/Contents/Resources/Scripting/MonoBleedingEdge/lib/mono/unityaot-linux/Facades/System.Data.SqlClient.dll --allowed-assembly=/Applications/Unity/Hub/Editor/6000.3.2f1/Unity.app/Contents/Resources/Scripting/MonoBleedingEdge/lib/mono/unityaot-linux/Facades/System.Diagnostics.Contracts.dll --allowed-assembly=/Applications/Unity/Hub/Editor/6000.3.2f1/Unity.app/Contents/Resources/Scripting/MonoBleedingEdge/lib/mono/unityaot-linux/Facades/System.Diagnostics.Debug.dll --allowed-assembly=/Applications/Unity/Hub/Editor/6000.3.2f1/Unity.app/Contents/Resources/Scripting/MonoBleedingEdge/lib/mono/unityaot-linux/Facades/System.Diagnostics.FileVersionInfo.dll --allowed-assembly=/Applications/Unity/Hub/Editor/6000.3.2f1/Unity.app/Contents/Resources/Scripting/MonoBleedingEdge/lib/mono/unityaot-linux/Facades/System.Diagnostics.Process.dll --allowed-assembly=/Applications/Unity/Hub/Editor/6000.3.2f1/Unity.app/Contents/Resources/Scripting/MonoBleedingEdge/lib/mono/unityaot-linux/Facades/System.Diagnostics.StackTrace.dll --allowed-assembly=/Applications/Unity/Hub/Editor/6000.3.2f1/Unity.app/Contents/Resources/Scripting/MonoBleedingEdge/lib/mono/unityaot-linux/Facades/System.Diagnostics.TextWriterTraceListener.dll --allowed-assembly=/Applications/Unity/Hub/Editor/6000.3.2f1/Unity.app/Contents/Resources/Scripting/MonoBleedingEdge/lib/mono/unityaot-linux/Facades/System.Diagnostics.Tools.dll --allowed-assembly=/Applications/Unity/Hub/Editor/6000.3.2f1/Unity.app/Contents/Resources/Scripting/MonoBleedingEdge/lib/mono/unityaot-linux/Facades/System.Diagnostics.TraceEvent.dll --allowed-assembly=/Applications/Unity/Hub/Editor/6000.3.2f1/Unity.app/Contents/Resources/Scripting/MonoBleedingEdge/lib/mono/unityaot-linux/Facades/System.Diagnostics.TraceSource.dll --allowed-assembly=/Applications/Unity/Hub/Editor/6000.3.2f1/Unity.app/Contents/Resources/Scripting/MonoBleedingEdge/lib/mono/unityaot-linux/Facades/System.Diagnostics.Tracing.dll --allowed-assembly=/Applications/Unity/Hub/Editor/6000.3.2f1/Unity.app/Contents/Resources/Scripting/MonoBleedingEdge/lib/mono/unityaot-linux/Facades/System.Drawing.Primitives.dll --allowed-assembly=/Applications/Unity/Hub/Editor/6000.3.2f1/Unity.app/Contents/Resources/Scripting/MonoBleedingEdge/lib/mono/unityaot-linux/Facades/System.Dynamic.Runtime.dll --allowed-assembly=/Applications/Unity/Hub/Editor/6000.3.2f1/Unity.app/Contents/Resources/Scripting/MonoBleedingEdge/lib/mono/unityaot-linux/Facades/System.Globalization.Calendars.dll --allowed-assembly=/Applications/Unity/Hub/Editor/6000.3.2f1/Unity.app/Contents/Resources/Scripting/MonoBleedingEdge/lib/mono/unityaot-linux/Facades/System.Globalization.Extensions.dll --allowed-assembly=/Applications/Unity/Hub/Editor/6000.3.2f1/Unity.app/Contents/Resources/Scripting/MonoBleedingEdge/lib/mono/unityaot-linux/Facades/System.Globalization.dll --allowed-assembly=/Applications/Unity/Hub/Editor/6000.3.2f1/Unity.app/Contents/Resources/Scripting/MonoBleedingEdge/lib/mono/unityaot-linux/Facades/System.IO.Compression.ZipFile.dll --allowed-assembly=/Applications/Unity/Hub/Editor/6000.3.2f1/Unity.app/Contents/Resources/Scripting/MonoBleedingEdge/lib/mono/unityaot-linux/Facades/System.IO.FileSystem.AccessControl.dll --allowed-assembly=/Applications/Unity/Hub/Editor/6000.3.2f1/Unity.app/Contents/Resources/Scripting/MonoBleedingEdge/lib/mono/unityaot-linux/Facades/System.IO.FileSystem.DriveInfo.dll --allowed-assembly=/Applications/Unity/Hub/Editor/6000.3.2f1/Unity.app/Contents/Resources/Scripting/MonoBleedingEdge/lib/mono/unityaot-linux/Facades/System.IO.FileSystem.Primitives.dll --allowed-assembly=/Applications/Unity/Hub/Editor/6000.3.2f1/Unity.app/Contents/Resources/Scripting/MonoBleedingEdge/lib/mono/unityaot-linux/Facades/System.IO.FileSystem.Watcher.dll --allowed-assembly=/Applications/Unity/Hub/Editor/6000.3.2f1/Unity.app/Contents/Resources/Scripting/MonoBleedingEdge/lib/mono/unityaot-linux/Facades/System.IO.FileSystem.dll --allowed-assembly=/Applications/Unity/Hub/Editor/6000.3.2f1/Unity.app/Contents/Resources/Scripting/MonoBleedingEdge/lib/mono/unityaot-linux/Facades/System.IO.IsolatedStorage.dll --allowed-assembly=/Applications/Unity/Hub/Editor/6000.3.2f1/Unity.app/Contents/Resources/Scripting/MonoBleedingEdge/lib/mono/unityaot-linux/Facades/System.IO.MemoryMappedFiles.dll --allowed-assembly=/Applications/Unity/Hub/Editor/6000.3.2f1/Unity.app/Contents/Resources/Scripting/MonoBleedingEdge/lib/mono/unityaot-linux/Facades/System.IO.Pipes.dll --allowed-assembly=/Applications/Unity/Hub/Editor/6000.3.2f1/Unity.app/Contents/Resources/Scripting/MonoBleedingEdge/lib/mono/unityaot-linux/Facades/System.IO.UnmanagedMemoryStream.dll --allowed-assembly=/Applications/Unity/Hub/Editor/6000.3.2f1/Unity.app/Contents/Resources/Scripting/MonoBleedingEdge/lib/mono/unityaot-linux/Facades/System.IO.dll --allowed-assembly=/Applications/Unity/Hub/Editor/6000.3.2f1/Unity.app/Contents/Resources/Scripting/MonoBleedingEdge/lib/mono/unityaot-linux/Facades/System.Linq.Expressions.dll --allowed-assembly=/Applications/Unity/Hub/Editor/6000.3.2f1/Unity.app/Contents/Resources/Scripting/MonoBleedingEdge/lib/mono/unityaot-linux/Facades/System.Linq.Parallel.dll --allowed-assembly=/Applications/Unity/Hub/Editor/6000.3.2f1/Unity.app/Contents/Resources/Scripting/MonoBleedingEdge/lib/mono/unityaot-linux/Facades/System.Linq.Queryable.dll --allowed-assembly=/Applications/Unity/Hub/Editor/6000.3.2f1/Unity.app/Contents/Resources/Scripting/MonoBleedingEdge/lib/mono/unityaot-linux/Facades/System.Linq.dll --allowed-assembly=/Applications/Unity/Hub/Editor/6000.3.2f1/Unity.app/Contents/Resources/Scripting/MonoBleedingEdge/lib/mono/unityaot-linux/Facades/System.Memory.dll --allowed-assembly=/Applications/Unity/Hub/Editor/6000.3.2f1/Unity.app/Contents/Resources/Scripting/MonoBleedingEdge/lib/mono/unityaot-linux/Facades/System.Net.AuthenticationManager.dll --allowed-assembly=/Applications/Unity/Hub/Editor/6000.3.2f1/Unity.app/Contents/Resources/Scripting/MonoBleedingEdge/lib/mono/unityaot-linux/Facades/System.Net.Cache.dll --allowed-assembly=/Applications/Unity/Hub/Editor/6000.3.2f1/Unity.app/Contents/Resources/Scripting/MonoBleedingEdge/lib/mono/unityaot-linux/Facades/System.Net.HttpListener.dll --allowed-assembly=/Applications/Unity/Hub/Editor/6000.3.2f1/Unity.app/Contents/Resources/Scripting/MonoBleedingEdge/lib/mono/unityaot-linux/Facades/System.Net.Mail.dll --allowed-assembly=/Applications/Unity/Hub/Editor/6000.3.2f1/Unity.app/Contents/Resources/Scripting/MonoBleedingEdge/lib/mono/unityaot-linux/Facades/System.Net.NameResolution.dll --allowed-assembly=/Applications/Unity/Hub/Editor/6000.3.2f1/Unity.app/Contents/Resources/Scripting/MonoBleedingEdge/lib/mono/unityaot-linux/Facades/System.Net.NetworkInformation.dll --allowed-assembly=/Applications/Unity/Hub/Editor/6000.3.2f1/Unity.app/Contents/Resources/Scripting/MonoBleedingEdge/lib/mono/unityaot-linux/Facades/System.Net.Ping.dll --allowed-assembly=/Applications/Unity/Hub/Editor/6000.3.2f1/Unity.app/Contents/Resources/Scripting/MonoBleedingEdge/lib/mono/unityaot-linux/Facades/System.Net.Primitives.dll --allowed-assembly=/Applications/Unity/Hub/Editor/6000.3.2f1/Unity.app/Contents/Resources/Scripting/MonoBleedingEdge/lib/mono/unityaot-linux/Facades/System.Net.Requests.dll --allowed-assembly=/Applications/Unity/Hub/Editor/6000.3.2f1/Unity.app/Contents/Resources/Scripting/MonoBleedingEdge/lib/mono/unityaot-linux/Facades/System.Net.Security.dll --allowed-assembly=/Applications/Unity/Hub/Editor/6000.3.2f1/Unity.app/Contents/Resources/Scripting/MonoBleedingEdge/lib/mono/unityaot-linux/Facades/System.Net.ServicePoint.dll --allowed-assembly=/Applications/Unity/Hub/Editor/6000.3.2f1/Unity.app/Contents/Resources/Scripting/MonoBleedingEdge/lib/mono/unityaot-linux/Facades/System.Net.Sockets.dll --allowed-assembly=/Applications/Unity/Hub/Editor/6000.3.2f1/Unity.app/Contents/Resources/Scripting/MonoBleedingEdge/lib/mono/unityaot-linux/Facades/System.Net.Utilities.dll --allowed-assembly=/Applications/Unity/Hub/Editor/6000.3.2f1/Unity.app/Contents/Resources/Scripting/MonoBleedingEdge/lib/mono/unityaot-linux/Facades/System.Net.WebHeaderCollection.dll --allowed-assembly=/Applications/Unity/Hub/Editor/6000.3.2f1/Unity.app/Contents/Resources/Scripting/MonoBleedingEdge/lib/mono/unityaot-linux/Facades/System.Net.WebSockets.Client.dll --allowed-assembly=/Applications/Unity/Hub/Editor/6000.3.2f1/Unity.app/Contents/Resources/Scripting/MonoBleedingEdge/lib/mono/unityaot-linux/Facades/System.Net.WebSockets.dll --allowed-assembly=/Applications/Unity/Hub/Editor/6000.3.2f1/Unity.app/Contents/Resources/Scripting/MonoBleedingEdge/lib/mono/unityaot-linux/Facades/System.ObjectModel.dll --allowed-assembly=/Applications/Unity/Hub/Editor/6000.3.2f1/Unity.app/Contents/Resources/Scripting/MonoBleedingEdge/lib/mono/unityaot-linux/Facades/System.Reflection.DispatchProxy.dll --allowed-assembly=/Applications/Unity/Hub/Editor/6000.3.2f1/Unity.app/Contents/Resources/Scripting/MonoBleedingEdge/lib/mono/unityaot-linux/Facades/System.Reflection.Emit.ILGeneration.dll --allowed-assembly=/Applications/Unity/Hub/Editor/6000.3.2f1/Unity.app/Contents/Resources/Scripting/MonoBleedingEdge/lib/mono/unityaot-linux/Facades/System.Reflection.Emit.Lightweight.dll --allowed-assembly=/Applications/Unity/Hub/Editor/6000.3.2f1/Unity.app/Contents/Resources/Scripting/MonoBleedingEdge/lib/mono/unityaot-linux/Facades/System.Reflection.Emit.dll --allowed-assembly=/Applications/Unity/Hub/Editor/6000.3.2f1/Unity.app/Contents/Resources/Scripting/MonoBleedingEdge/lib/mono/unityaot-linux/Facades/System.Reflection.Extensions.dll --allowed-assembly=/Applications/Unity/Hub/Editor/6000.3.2f1/Unity.app/Contents/Resources/Scripting/MonoBleedingEdge/lib/mono/unityaot-linux/Facades/System.Reflection.Primitives.dll --allowed-assembly=/Applications/Unity/Hub/Editor/6000.3.2f1/Unity.app/Contents/Resources/Scripting/MonoBleedingEdge/lib/mono/unityaot-linux/Facades/System.Reflection.TypeExtensions.dll --allowed-assembly=/Applications/Unity/Hub/Editor/6000.3.2f1/Unity.app/Contents/Resources/Scripting/MonoBleedingEdge/lib/mono/unityaot-linux/Facades/System.Reflection.dll --allowed-assembly=/Applications/Unity/Hub/Editor/6000.3.2f1/Unity.app/Contents/Resources/Scripting/MonoBleedingEdge/lib/mono/unityaot-linux/Facades/System.Resources.Reader.dll --allowed-assembly=/Applications/Unity/Hub/Editor/6000.3.2f1/Unity.app/Contents/Resources/Scripting/MonoBleedingEdge/lib/mono/unityaot-linux/Facades/System.Resources.ReaderWriter.dll --allowed-assembly=/Applications/Unity/Hub/Editor/6000.3.2f1/Unity.app/Contents/Resources/Scripting/MonoBleedingEdge/lib/mono/unityaot-linux/Facades/System.Resources.ResourceManager.dll --allowed-assembly=/Applications/Unity/Hub/Editor/6000.3.2f1/Unity.app/Contents/Resources/Scripting/MonoBleedingEdge/lib/mono/unityaot-linux/Facades/System.Resources.Writer.dll --allowed-assembly=/Applications/Unity/Hub/Editor/6000.3.2f1/Unity.app/Contents/Resources/Scripting/MonoBleedingEdge/lib/mono/unityaot-linux/Facades/System.Runtime.CompilerServices.VisualC.dll --allowed-assembly=/Applications/Unity/Hub/Editor/6000.3.2f1/Unity.app/Contents/Resources/Scripting/MonoBleedingEdge/lib/mono/unityaot-linux/Facades/System.Runtime.Extensions.dll --allowed-assembly=/Applications/Unity/Hub/Editor/6000.3.2f1/Unity.app/Contents/Resources/Scripting/MonoBleedingEdge/lib/mono/unityaot-linux/Facades/System.Runtime.Handles.dll --allowed-assembly=/Applications/Unity/Hub/Editor/6000.3.2f1/Unity.app/Contents/Resources/Scripting/MonoBleedingEdge/lib/mono/unityaot-linux/Facades/System.Runtime.InteropServices.RuntimeInformation.dll --allowed-assembly=/Applications/Unity/Hub/Editor/6000.3.2f1/Unity.app/Contents/Resources/Scripting/MonoBleedingEdge/lib/mono/unityaot-linux/Facades/System.Runtime.InteropServices.WindowsRuntime.dll --allowed-assembly=/Applications/Unity/Hub/Editor/6000.3.2f1/Unity.app/Contents/Resources/Scripting/MonoBleedingEdge/lib/mono/unityaot-linux/Facades/System.Runtime.InteropServices.dll --allowed-assembly=/Applications/Unity/Hub/Editor/6000.3.2f1/Unity.app/Contents/Resources/Scripting/MonoBleedingEdge/lib/mono/unityaot-linux/Facades/System.Runtime.Loader.dll --allowed-assembly=/Applications/Unity/Hub/Editor/6000.3.2f1/Unity.app/Contents/Resources/Scripting/MonoBleedingEdge/lib/mono/unityaot-linux/Facades/System.Runtime.Numerics.dll --allowed-assembly=/Applications/Unity/Hub/Editor/6000.3.2f1/Unity.app/Contents/Resources/Scripting/MonoBleedingEdge/lib/mono/unityaot-linux/Facades/System.Runtime.Serialization.Formatters.dll --allowed-assembly=/Applications/Unity/Hub/Editor/6000.3.2f1/Unity.app/Contents/Resources/Scripting/MonoBleedingEdge/lib/mono/unityaot-linux/Facades/System.Runtime.Serialization.Json.dll --allowed-assembly=/Applications/Unity/Hub/Editor/6000.3.2f1/Unity.app/Contents/Resources/Scripting/MonoBleedingEdge/lib/mono/unityaot-linux/Facades/System.Runtime.Serialization.Primitives.dll --allowed-assembly=/Applications/Unity/Hub/Editor/6000.3.2f1/Unity.app/Contents/Resources/Scripting/MonoBleedingEdge/lib/mono/unityaot-linux/Facades/System.Runtime.Serialization.Xml.dll --allowed-assembly=/Applications/Unity/Hub/Editor/6000.3.2f1/Unity.app/Contents/Resources/Scripting/MonoBleedingEdge/lib/mono/unityaot-linux/Facades/System.Runtime.dll --allowed-assembly=/Applications/Unity/Hub/Editor/6000.3.2f1/Unity.app/Contents/Resources/Scripting/MonoBleedingEdge/lib/mono/unityaot-linux/Facades/System.Security.AccessControl.dll --allowed-assembly=/Applications/Unity/Hub/Editor/6000.3.2f1/Unity.app/Contents/Resources/Scripting/MonoBleedingEdge/lib/mono/unityaot-linux/Facades/System.Security.Claims.dll --allowed-assembly=/Applications/Unity/Hub/Editor/6000.3.2f1/Unity.app/Contents/Resources/Scripting/MonoBleedingEdge/lib/mono/unityaot-linux/Facades/System.Security.Cryptography.Algorithms.dll --allowed-assembly=/Applications/Unity/Hub/Editor/6000.3.2f1/Unity.app/Contents/Resources/Scripting/MonoBleedingEdge/lib/mono/unityaot-linux/Facades/System.Security.Cryptography.Cng.dll --allowed-assembly=/Applications/Unity/Hub/Editor/6000.3.2f1/Unity.app/Contents/Resources/Scripting/MonoBleedingEdge/lib/mono/unityaot-linux/Facades/System.Security.Cryptography.Csp.dll --allowed-assembly=/Applications/Unity/Hub/Editor/6000.3.2f1/Unity.app/Contents/Resources/Scripting/MonoBleedingEdge/lib/mono/unityaot-linux/Facades/System.Security.Cryptography.DeriveBytes.dll --allowed-assembly=/Applications/Unity/Hub/Editor/6000.3.2f1/Unity.app/Contents/Resources/Scripting/MonoBleedingEdge/lib/mono/unityaot-linux/Facades/System.Security.Cryptography.Encoding.dll --allowed-assembly=/Applications/Unity/Hub/Editor/6000.3.2f1/Unity.app/Contents/Resources/Scripting/MonoBleedingEdge/lib/mono/unityaot-linux/Facades/System.Security.Cryptography.Encryption.Aes.dll --allowed-assembly=/Applications/Unity/Hub/Editor/6000.3.2f1/Unity.app/Contents/Resources/Scripting/MonoBleedingEdge/lib/mono/unityaot-linux/Facades/System.Security.Cryptography.Encryption.ECDiffieHellman.dll --allowed-assembly=/Applications/Unity/Hub/Editor/6000.3.2f1/Unity.app/Contents/Resources/Scripting/MonoBleedingEdge/lib/mono/unityaot-linux/Facades/System.Security.Cryptography.Encryption.ECDsa.dll --allowed-assembly=/Applications/Unity/Hub/Editor/6000.3.2f1/Unity.app/Contents/Resources/Scripting/MonoBleedingEdge/lib/mono/unityaot-linux/Facades/System.Security.Cryptography.Encryption.dll --allowed-assembly=/Applications/Unity/Hub/Editor/6000.3.2f1/Unity.app/Contents/Resources/Scripting/MonoBleedingEdge/lib/mono/unityaot-linux/Facades/System.Security.Cryptography.Hashing.Algorithms.dll --allowed-assembly=/Applications/Unity/Hub/Editor/6000.3.2f1/Unity.app/Contents/Resources/Scripting/MonoBleedingEdge/lib/mono/unityaot-linux/Facades/System.Security.Cryptography.Hashing.dll --allowed-assembly=/Applications/Unity/Hub/Editor/6000.3.2f1/Unity.app/Contents/Resources/Scripting/MonoBleedingEdge/lib/mono/unityaot-linux/Facades/System.Security.Cryptography.OpenSsl.dll --allowed-assembly=/Applications/Unity/Hub/Editor/6000.3.2f1/Unity.app/Contents/Resources/Scripting/MonoBleedingEdge/lib/mono/unityaot-linux/Facades/System.Security.Cryptography.Pkcs.dll --allowed-assembly=/Applications/Unity/Hub/Editor/6000.3.2f1/Unity.app/Contents/Resources/Scripting/MonoBleedingEdge/lib/mono/unityaot-linux/Facades/System.Security.Cryptography.Primitives.dll --allowed-assembly=/Applications/Unity/Hub/Editor/6000.3.2f1/Unity.app/Contents/Resources/Scripting/MonoBleedingEdge/lib/mono/unityaot-linux/Facades/System.Security.Cryptography.ProtectedData.dll --allowed-assembly=/Applications/Unity/Hub/Editor/6000.3.2f1/Unity.app/Contents/Resources/Scripting/MonoBleedingEdge/lib/mono/unityaot-linux/Facades/System.Security.Cryptography.RSA.dll --allowed-assembly=/Applications/Unity/Hub/Editor/6000.3.2f1/Unity.app/Contents/Resources/Scripting/MonoBleedingEdge/lib/mono/unityaot-linux/Facades/System.Security.Cryptography.RandomNumberGenerator.dll --allowed-assembly=/Applications/Unity/Hub/Editor/6000.3.2f1/Unity.app/Contents/Resources/Scripting/MonoBleedingEdge/lib/mono/unityaot-linux/Facades/System.Security.Cryptography.X509Certificates.dll --allowed-assembly=/Applications/Unity/Hub/Editor/6000.3.2f1/Unity.app/Contents/Resources/Scripting/MonoBleedingEdge/lib/mono/unityaot-linux/Facades/System.Security.Principal.Windows.dll --allowed-assembly=/Applications/Unity/Hub/Editor/6000.3.2f1/Unity.app/Contents/Resources/Scripting/MonoBleedingEdge/lib/mono/unityaot-linux/Facades/System.Security.Principal.dll --allowed-assembly=/Applications/Unity/Hub/Editor/6000.3.2f1/Unity.app/Contents/Resources/Scripting/MonoBleedingEdge/lib/mono/unityaot-linux/Facades/System.Security.SecureString.dll --allowed-assembly=/Applications/Unity/Hub/Editor/6000.3.2f1/Unity.app/Contents/Resources/Scripting/MonoBleedingEdge/lib/mono/unityaot-linux/Facades/System.ServiceModel.Duplex.dll --allowed-assembly=/Applications/Unity/Hub/Editor/6000.3.2f1/Unity.app/Contents/Resources/Scripting/MonoBleedingEdge/lib/mono/unityaot-linux/Facades/System.ServiceModel.Http.dll --allowed-assembly=/Applications/Unity/Hub/Editor/6000.3.2f1/Unity.app/Contents/Resources/Scripting/MonoBleedingEdge/lib/mono/unityaot-linux/Facades/System.ServiceModel.NetTcp.dll --allowed-assembly=/Applications/Unity/Hub/Editor/6000.3.2f1/Unity.app/Contents/Resources/Scripting/MonoBleedingEdge/lib/mono/unityaot-linux/Facades/System.ServiceModel.Primitives.dll --allowed-assembly=/Applications/Unity/Hub/Editor/6000.3.2f1/Unity.app/Contents/Resources/Scripting/MonoBleedingEdge/lib/mono/unityaot-linux/Facades/System.ServiceModel.Security.dll --allowed-assembly=/Applications/Unity/Hub/Editor/6000.3.2f1/Unity.app/Contents/Resources/Scripting/MonoBleedingEdge/lib/mono/unityaot-linux/Facades/System.ServiceProcess.ServiceController.dll --allowed-assembly=/Applications/Unity/Hub/Editor/6000.3.2f1/Unity.app/Contents/Resources/Scripting/MonoBleedingEdge/lib/mono/unityaot-linux/Facades/System.Text.Encoding.CodePages.dll --allowed-assembly=/Applications/Unity/Hub/Editor/6000.3.2f1/Unity.app/Contents/Resources/Scripting/MonoBleedingEdge/lib/mono/unityaot-linux/Facades/System.Text.Encoding.Extensions.dll --allowed-assembly=/Applications/Unity/Hub/Editor/6000.3.2f1/Unity.app/Contents/Resources/Scripting/MonoBleedingEdge/lib/mono/unityaot-linux/Facades/System.Text.Encoding.dll --allowed-assembly=/Applications/Unity/Hub/Editor/6000.3.2f1/Unity.app/Contents/Resources/Scripting/MonoBleedingEdge/lib/mono/unityaot-linux/Facades/System.Text.RegularExpressions.dll --allowed-assembly=/Applications/Unity/Hub/Editor/6000.3.2f1/Unity.app/Contents/Resources/Scripting/MonoBleedingEdge/lib/mono/unityaot-linux/Facades/System.Threading.AccessControl.dll --allowed-assembly=/Applications/Unity/Hub/Editor/6000.3.2f1/Unity.app/Contents/Resources/Scripting/MonoBleedingEdge/lib/mono/unityaot-linux/Facades/System.Threading.Overlapped.dll --allowed-assembly=/Applications/Unity/Hub/Editor/6000.3.2f1/Unity.app/Contents/Resources/Scripting/MonoBleedingEdge/lib/mono/unityaot-linux/Facades/System.Threading.Tasks.Extensions.dll --allowed-assembly=/Applications/Unity/Hub/Editor/6000.3.2f1/Unity.app/Contents/Resources/Scripting/MonoBleedingEdge/lib/mono/unityaot-linux/Facades/System.Threading.Tasks.Parallel.dll --allowed-assembly=/Applications/Unity/Hub/Editor/6000.3.2f1/Unity.app/Contents/Resources/Scripting/MonoBleedingEdge/lib/mono/unityaot-linux/Facades/System.Threading.Tasks.dll --allowed-assembly=/Applications/Unity/Hub/Editor/6000.3.2f1/Unity.app/Contents/Resources/Scripting/MonoBleedingEdge/lib/mono/unityaot-linux/Facades/System.Threading.Thread.dll --allowed-assembly=/Applications/Unity/Hub/Editor/6000.3.2f1/Unity.app/Contents/Resources/Scripting/MonoBleedingEdge/lib/mono/unityaot-linux/Facades/System.Threading.ThreadPool.dll --allowed-assembly=/Applications/Unity/Hub/Editor/6000.3.2f1/Unity.app/Contents/Resources/Scripting/MonoBleedingEdge/lib/mono/unityaot-linux/Facades/System.Threading.Timer.dll --allowed-assembly=/Applications/Unity/Hub/Editor/6000.3.2f1/Unity.app/Contents/Resources/Scripting/MonoBleedingEdge/lib/mono/unityaot-linux/Facades/System.Threading.dll --allowed-assembly=/Applications/Unity/Hub/Editor/6000.3.2f1/Unity.app/Contents/Resources/Scripting/MonoBleedingEdge/lib/mono/unityaot-linux/Facades/System.ValueTuple.dll --allowed-assembly=/Applications/Unity/Hub/Editor/6000.3.2f1/Unity.app/Contents/Resources/Scripting/MonoBleedingEdge/lib/mono/unityaot-linux/Facades/System.Xml.ReaderWriter.dll --allowed-assembly=/Applications/Unity/Hub/Editor/6000.3.2f1/Unity.app/Contents/Resources/Scripting/MonoBleedingEdge/lib/mono/unityaot-linux/Facades/System.Xml.XDocument.dll --allowed-assembly=/Applications/Unity/Hub/Editor/6000.3.2f1/Unity.app/Contents/Resources/Scripting/MonoBleedingEdge/lib/mono/unityaot-linux/Facades/System.Xml.XPath.XDocument.dll --allowed-assembly=/Applications/Unity/Hub/Editor/6000.3.2f1/Unity.app/Contents/Resources/Scripting/MonoBleedingEdge/lib/mono/unityaot-linux/Facades/System.Xml.XPath.XmlDocument.dll --allowed-assembly=/Applications/Unity/Hub/Editor/6000.3.2f1/Unity.app/Contents/Resources/Scripting/MonoBleedingEdge/lib/mono/unityaot-linux/Facades/System.Xml.XPath.dll --allowed-assembly=/Applications/Unity/Hub/Editor/6000.3.2f1/Unity.app/Contents/Resources/Scripting/MonoBleedingEdge/lib/mono/unityaot-linux/Facades/System.Xml.XmlDocument.dll --allowed-assembly=/Applications/Unity/Hub/Editor/6000.3.2f1/Unity.app/Contents/Resources/Scripting/MonoBleedingEdge/lib/mono/unityaot-linux/Facades/System.Xml.XmlSerializer.dll --allowed-assembly=/Applications/Unity/Hub/Editor/6000.3.2f1/Unity.app/Contents/Resources/Scripting/MonoBleedingEdge/lib/mono/unityaot-linux/Facades/System.Xml.Xsl.Primitives.dll --allowed-assembly=/Applications/Unity/Hub/Editor/6000.3.2f1/Unity.app/Contents/Resources/Scripting/MonoBleedingEdge/lib/mono/unityaot-linux/Facades/netstandard.dll --allowed-assembly=/Applications/Unity/Hub/Editor/6000.3.2f1/Unity.app/Contents/Resources/Scripting/MonoBleedingEdge/lib/mono/unityaot-linux/I18N.CJK.dll --allowed-assembly=/Applications/Unity/Hub/Editor/6000.3.2f1/Unity.app/Contents/Resources/Scripting/MonoBleedingEdge/lib/mono/unityaot-linux/I18N.MidEast.dll --allowed-assembly=/Applications/Unity/Hub/Editor/6000.3.2f1/Unity.app/Contents/Resources/Scripting/MonoBleedingEdge/lib/mono/unityaot-linux/I18N.Other.dll --allowed-assembly=/Applications/Unity/Hub/Editor/6000.3.2f1/Unity.app/Contents/Resources/Scripting/MonoBleedingEdge/lib/mono/unityaot-linux/I18N.Rare.dll --allowed-assembly=/Applications/Unity/Hub/Editor/6000.3.2f1/Unity.app/Contents/Resources/Scripting/MonoBleedingEdge/lib/mono/unityaot-linux/I18N.West.dll --allowed-assembly=/Applications/Unity/Hub/Editor/6000.3.2f1/Unity.app/Contents/Resources/Scripting/MonoBleedingEdge/lib/mono/unityaot-linux/I18N.dll --allowed-assembly=/Applications/Unity/Hub/Editor/6000.3.2f1/Unity.app/Contents/Resources/Scripting/MonoBleedingEdge/lib/mono/unityaot-linux/Microsoft.CSharp.dll --allowed-assembly=/Applications/Unity/Hub/Editor/6000.3.2f1/Unity.app/Contents/Resources/Scripting/MonoBleedingEdge/lib/mono/unityaot-linux/Mono.Data.Sqlite.dll --allowed-assembly=/Applications/Unity/Hub/Editor/6000.3.2f1/Unity.app/Contents/Resources/Scripting/MonoBleedingEdge/lib/mono/unityaot-linux/Mono.Data.Tds.dll --allowed-assembly=/Applications/Unity/Hub/Editor/6000.3.2f1/Unity.app/Contents/Resources/Scripting/MonoBleedingEdge/lib/mono/unityaot-linux/Mono.Security.dll --allowed-assembly=/Applications/Unity/Hub/Editor/6000.3.2f1/Unity.app/Contents/Resources/Scripting/MonoBleedingEdge/lib/mono/unityaot-linux/System.ComponentModel.Composition.dll --allowed-assembly=/Applications/Unity/Hub/Editor/6000.3.2f1/Unity.app/Contents/Resources/Scripting/MonoBleedingEdge/lib/mono/unityaot-linux/System.ComponentModel.DataAnnotations.dll --allowed-assembly=/Applications/Unity/Hub/Editor/6000.3.2f1/Unity.app/Contents/Resources/Scripting/MonoBleedingEdge/lib/mono/unityaot-linux/System.Configuration.Install.dll --allowed-assembly=/Applications/Unity/Hub/Editor/6000.3.2f1/Unity.app/Contents/Resources/Scripting/MonoBleedingEdge/lib/mono/unityaot-linux/System.Configuration.dll --allowed-assembly=/Applications/Unity/Hub/Editor/6000.3.2f1/Unity.app/Contents/Resources/Scripting/MonoBleedingEdge/lib/mono/unityaot-linux/System.Core.dll --allowed-assembly=/Applications/Unity/Hub/Editor/6000.3.2f1/Unity.app/Contents/Resources/Scripting/MonoBleedingEdge/lib/mono/unityaot-linux/System.Data.DataSetExtensions.dll --allowed-assembly=/Applications/Unity/Hub/Editor/6000.3.2f1/Unity.app/Contents/Resources/Scripting/MonoBleedingEdge/lib/mono/unityaot-linux/System.Data.Entity.dll --allowed-assembly=/Applications/Unity/Hub/Editor/6000.3.2f1/Unity.app/Contents/Resources/Scripting/MonoBleedingEdge/lib/mono/unityaot-linux/System.Data.Linq.dll --allowed-assembly=/Applications/Unity/Hub/Editor/6000.3.2f1/Unity.app/Contents/Resources/Scripting/MonoBleedingEdge/lib/mono/unityaot-linux/System.Data.OracleClient.dll --allowed-assembly=/Applications/Unity/Hub/Editor/6000.3.2f1/Unity.app/Contents/Resources/Scripting/MonoBleedingEdge/lib/mono/unityaot-linux/System.Data.Services.Client.dll --allowed-assembly=/Applications/Unity/Hub/Editor/6000.3.2f1/Unity.app/Contents/Resources/Scripting/MonoBleedingEdge/lib/mono/unityaot-linux/System.Data.Services.dll --allowed-assembly=/Applications/Unity/Hub/Editor/6000.3.2f1/Unity.app/Contents/Resources/Scripting/MonoBleedingEdge/lib/mono/unityaot-linux/System.Data.dll --allowed-assembly=/Applications/Unity/Hub/Editor/6000.3.2f1/Unity.app/Contents/Resources/Scripting/MonoBleedingEdge/lib/mono/unityaot-linux/System.Design.dll --allowed-assembly=/Applications/Unity/Hub/Editor/6000.3.2f1/Unity.app/Contents/Resources/Scripting/MonoBleedingEdge/lib/mono/unityaot-linux/System.DirectoryServices.Protocols.dll --allowed-assembly=/Applications/Unity/Hub/Editor/6000.3.2f1/Unity.app/Contents/Resources/Scripting/MonoBleedingEdge/lib/mono/unityaot-linux/System.DirectoryServices.dll --allowed-assembly=/Applications/Unity/Hub/Editor/6000.3.2f1/Unity.app/Contents/Resources/Scripting/MonoBleedingEdge/lib/mono/unityaot-linux/System.Drawing.Design.dll --allowed-assembly=/Applications/Unity/Hub/Editor/6000.3.2f1/Unity.app/Contents/Resources/Scripting/MonoBleedingEdge/lib/mono/unityaot-linux/System.Drawing.dll --allowed-assembly=/Applications/Unity/Hub/Editor/6000.3.2f1/Unity.app/Contents/Resources/Scripting/MonoBleedingEdge/lib/mono/unityaot-linux/System.EnterpriseServices.dll --allowed-assembly=/Applications/Unity/Hub/Editor/6000.3.2f1/Unity.app/Contents/Resources/Scripting/MonoBleedingEdge/lib/mono/unityaot-linux/System.IO.Compression.FileSystem.dll --allowed-assembly=/Applications/Unity/Hub/Editor/6000.3.2f1/Unity.app/Contents/Resources/Scripting/MonoBleedingEdge/lib/mono/unityaot-linux/System.IO.Compression.dll --allowed-assembly=/Applications/Unity/Hub/Editor/6000.3.2f1/Unity.app/Contents/Resources/Scripting/MonoBleedingEdge/lib/mono/unityaot-linux/System.IdentityModel.Selectors.dll --allowed-assembly=/Applications/Unity/Hub/Editor/6000.3.2f1/Unity.app/Contents/Resources/Scripting/MonoBleedingEdge/lib/mono/unityaot-linux/System.IdentityModel.dll --allowed-assembly=/Applications/Unity/Hub/Editor/6000.3.2f1/Unity.app/Contents/Resources/Scripting/MonoBleedingEdge/lib/mono/unityaot-linux/System.Json.dll --allowed-assembly=/Applications/Unity/Hub/Editor/6000.3.2f1/Unity.app/Contents/Resources/Scripting/MonoBleedingEdge/lib/mono/unityaot-linux/System.Management.dll --allowed-assembly=/Applications/Unity/Hub/Editor/6000.3.2f1/Unity.app/Contents/Resources/Scripting/MonoBleedingEdge/lib/mono/unityaot-linux/System.Messaging.dll --allowed-assembly=/Applications/Unity/Hub/Editor/6000.3.2f1/Unity.app/Contents/Resources/Scripting/MonoBleedingEdge/lib/mono/unityaot-linux/System.Net.Http.WebRequest.dll --allowed-assembly=/Applications/Unity/Hub/Editor/6000.3.2f1/Unity.app/Contents/Resources/Scripting/MonoBleedingEdge/lib/mono/unityaot-linux/System.Net.Http.dll --allowed-assembly=/Applications/Unity/Hub/Editor/6000.3.2f1/Unity.app/Contents/Resources/Scripting/MonoBleedingEdge/lib/mono/unityaot-linux/System.Net.dll --allowed-assembly=/Applications/Unity/Hub/Editor/6000.3.2f1/Unity.app/Contents/Resources/Scripting/MonoBleedingEdge/lib/mono/unityaot-linux/System.Numerics.Vectors.dll --allowed-assembly=/Applications/Unity/Hub/Editor/6000.3.2f1/Unity.app/Contents/Resources/Scripting/MonoBleedingEdge/lib/mono/unityaot-linux/System.Numerics.dll --allowed-assembly=/Applications/Unity/Hub/Editor/6000.3.2f1/Unity.app/Contents/Resources/Scripting/MonoBleedingEdge/lib/mono/unityaot-linux/System.Reflection.Context.dll --allowed-assembly=/Applications/Unity/Hub/Editor/6000.3.2f1/Unity.app/Contents/Resources/Scripting/MonoBleedingEdge/lib/mono/unityaot-linux/System.Runtime.Caching.dll --allowed-assembly=/Applications/Unity/Hub/Editor/6000.3.2f1/Unity.app/Contents/Resources/Scripting/MonoBleedingEdge/lib/mono/unityaot-linux/System.Runtime.DurableInstancing.dll --allowed-assembly=/Applications/Unity/Hub/Editor/6000.3.2f1/Unity.app/Contents/Resources/Scripting/MonoBleedingEdge/lib/mono/unityaot-linux/System.Runtime.Remoting.dll --allowed-assembly=/Applications/Unity/Hub/Editor/6000.3.2f1/Unity.app/Contents/Resources/Scripting/MonoBleedingEdge/lib/mono/unityaot-linux/System.Runtime.Serialization.Formatters.Soap.dll --allowed-assembly=/Applications/Unity/Hub/Editor/6000.3.2f1/Unity.app/Contents/Resources/Scripting/MonoBleedingEdge/lib/mono/unityaot-linux/System.Runtime.Serialization.dll --allowed-assembly=/Applications/Unity/Hub/Editor/6000.3.2f1/Unity.app/Contents/Resources/Scripting/MonoBleedingEdge/lib/mono/unityaot-linux/System.Security.dll --allowed-assembly=/Applications/Unity/Hub/Editor/6000.3.2f1/Unity.app/Contents/Resources/Scripting/MonoBleedingEdge/lib/mono/unityaot-linux/System.ServiceModel.Activation.dll --allowed-assembly=/Applications/Unity/Hub/Editor/6000.3.2f1/Unity.app/Contents/Resources/Scripting/MonoBleedingEdge/lib/mono/unityaot-linux/System.ServiceModel.Discovery.dll --allowed-assembly=/Applications/Unity/Hub/Editor/6000.3.2f1/Unity.app/Contents/Resources/Scripting/MonoBleedingEdge/lib/mono/unityaot-linux/System.ServiceModel.Internals.dll --allowed-assembly=/Applications/Unity/Hub/Editor/6000.3.2f1/Unity.app/Contents/Resources/Scripting/MonoBleedingEdge/lib/mono/unityaot-linux/System.ServiceModel.Routing.dll --allowed-assembly=/Applications/Unity/Hub/Editor/6000.3.2f1/Unity.app/Contents/Resources/Scripting/MonoBleedingEdge/lib/mono/unityaot-linux/System.ServiceModel.Web.dll --allowed-assembly=/Applications/Unity/Hub/Editor/6000.3.2f1/Unity.app/Contents/Resources/Scripting/MonoBleedingEdge/lib/mono/unityaot-linux/System.ServiceModel.dll --allowed-assembly=/Applications/Unity/Hub/Editor/6000.3.2f1/Unity.app/Contents/Resources/Scripting/MonoBleedingEdge/lib/mono/unityaot-linux/System.ServiceProcess.dll --allowed-assembly=/Applications/Unity/Hub/Editor/6000.3.2f1/Unity.app/Contents/Resources/Scripting/MonoBleedingEdge/lib/mono/unityaot-linux/System.Transactions.dll --allowed-assembly=/Applications/Unity/Hub/Editor/6000.3.2f1/Unity.app/Contents/Resources/Scripting/MonoBleedingEdge/lib/mono/unityaot-linux/System.Web.ApplicationServices.dll --allowed-assembly=/Applications/Unity/Hub/Editor/6000.3.2f1/Unity.app/Contents/Resources/Scripting/MonoBleedingEdge/lib/mono/unityaot-linux/System.Web.DynamicData.dll --allowed-assembly=/Applications/Unity/Hub/Editor/6000.3.2f1/Unity.app/Contents/Resources/Scripting/MonoBleedingEdge/lib/mono/unityaot-linux/System.Web.Extensions.Design.dll --allowed-assembly=/Applications/Unity/Hub/Editor/6000.3.2f1/Unity.app/Contents/Resources/Scripting/MonoBleedingEdge/lib/mono/unityaot-linux/System.Web.Extensions.dll --allowed-assembly=/Applications/Unity/Hub/Editor/6000.3.2f1/Unity.app/Contents/Resources/Scripting/MonoBleedingEdge/lib/mono/unityaot-linux/System.Web.RegularExpressions.dll --allowed-assembly=/Applications/Unity/Hub/Editor/6000.3.2f1/Unity.app/Contents/Resources/Scripting/MonoBleedingEdge/lib/mono/unityaot-linux/System.Web.Services.dll --allowed-assembly=/Applications/Unity/Hub/Editor/6000.3.2f1/Unity.app/Contents/Resources/Scripting/MonoBleedingEdge/lib/mono/unityaot-linux/System.Web.dll --allowed-assembly=/Applications/Unity/Hub/Editor/6000.3.2f1/Unity.app/Contents/Resources/Scripting/MonoBleedingEdge/lib/mono/unityaot-linux/System.Windows.Forms.DataVisualization.dll --allowed-assembly=/Applications/Unity/Hub/Editor/6000.3.2f1/Unity.app/Contents/Resources/Scripting/MonoBleedingEdge/lib/mono/unityaot-linux/System.Windows.Forms.dll --allowed-assembly=/Applications/Unity/Hub/Editor/6000.3.2f1/Unity.app/Contents/Resources/Scripting/MonoBleedingEdge/lib/mono/unityaot-linux/System.Windows.dll --allowed-assembly=/Applications/Unity/Hub/Editor/6000.3.2f1/Unity.app/Contents/Resources/Scripting/MonoBleedingEdge/lib/mono/unityaot-linux/System.Xaml.dll --allowed-assembly=/Applications/Unity/Hub/Editor/6000.3.2f1/Unity.app/Contents/Resources/Scripting/MonoBleedingEdge/lib/mono/unityaot-linux/System.Xml.Linq.dll --allowed-assembly=/Applications/Unity/Hub/Editor/6000.3.2f1/Unity.app/Contents/Resources/Scripting/MonoBleedingEdge/lib/mono/unityaot-linux/System.Xml.Serialization.dll --allowed-assembly=/Applications/Unity/Hub/Editor/6000.3.2f1/Unity.app/Contents/Resources/Scripting/MonoBleedingEdge/lib/mono/unityaot-linux/System.Xml.dll --allowed-assembly=/Applications/Unity/Hub/Editor/6000.3.2f1/Unity.app/Contents/Resources/Scripting/MonoBleedingEdge/lib/mono/unityaot-linux/System.dll --allowed-assembly=/Applications/Unity/Hub/Editor/6000.3.2f1/Unity.app/Contents/Resources/Scripting/MonoBleedingEdge/lib/mono/unityaot-linux/mscorlib.dll --out=Library/Bee/artifacts/Android/ManagedStripped --include-link-xml=/Users/fit0721/Documents/GitHub/bigtwo/Unity/Library/Bee/artifacts/UnityLinkerInputs/TypesInScenes.xml --include-link-xml=/Applications/Unity/Hub/Editor/6000.3.2f1/PlaybackEngines/AndroidPlayer/Tools/AndroidNativeLink.xml --include-directory=/Users/fit0721/Documents/GitHub/bigtwo/Unity/Library/Bee/PlayerScriptAssemblies --include-directory=/Applications/Unity/Hub/Editor/6000.3.2f1/PlaybackEngines/AndroidPlayer/Variations/il2cpp/Managed --include-directory=/Applications/Unity/Hub/Editor/6000.3.2f1/Unity.app/Contents/Resources/Scripting/MonoBleedingEdge/lib/mono/unityaot-linux --include-directory=/Applications/Unity/Hub/Editor/6000.3.2f1/Unity.app/Contents/Resources/Scripting/MonoBleedingEdge/lib/mono/unityaot-linux/Facades --profiler-report --profiler-output-file=/Users/fit0721/Documents/GitHub/bigtwo/Unity/Library/Bee/artifacts/unitylinker_xy1a.traceevents --dotnetprofile=unityaot-linux --dotnetruntime=Il2Cpp --platform=Android --use-editor-options --enable-engine-module-stripping --engine-modules-asset-file=/Applications/Unity/Hub/Editor/6000.3.2f1/PlaybackEngines/AndroidPlayer/modules.asset --editor-data-file=/Users/fit0721/Documents/GitHub/bigtwo/Unity/Library/Bee/artifacts/UnityLinkerInputs/EditorToUnityLinkerData.json --include-unity-root-assembly=/Users/fit0721/Documents/GitHub/bigtwo/Unity/Library/Bee/PlayerScriptAssemblies/Assembly-CSharp.dll --print-command-line --enable-analytics
*** Tundra requires additional run (1.16 seconds), 14 items updated, 521 evaluated
*** Additional run caused by: contents change of Library/Bee/artifacts/Android/ManagedStripped
Starting: /Applications/Unity/Hub/Editor/6000.3.2f1/Unity.app/Contents/Resources/Scripting/netcorerun/netcorerun "/Applications/Unity/Hub/Editor/6000.3.2f1/PlaybackEngines/AndroidPlayer/AndroidPlayerBuildProgram.exe" "/Applications/Unity/Hub/Editor/6000.3.2f1/PlaybackEngines/AndroidPlayer/Bee:/Applications/Unity/Hub/Editor/6000.3.2f1/Unity.app/Contents/Resources/BuildPipeline" "Library/Bee/Playerf0c4891e.dag.json" "Library/Bee/Playerf0c4891e-inputdata.json" "Library/Bee/buildprogram1.traceevents"
WorkingDir: /Users/fit0721/Documents/GitHub/bigtwo/Unity
ExitCode: 4 Duration: 1s214ms
ExitCode: 0 Duration: 0s420ms
Starting: /Applications/Unity/Hub/Editor/6000.3.2f1/Unity.app/Contents/Resources/BuildPipeline/bee_backend --ipc --dagfile="Library/Bee/Playerf0c4891e.dag" --dagfilejson="Library/Bee/Playerf0c4891e.dag.json" --profile="Library/Bee/backend3.traceevents" Player
WorkingDir: /Users/fit0721/Documents/GitHub/bigtwo/Unity
[W] opendir() failed: /Users/fit0721/Documents/GitHub/bigtwo/Unity/Library/Bee/artifacts/Android/il2cppOutput/cpp/Symbols
Finished compiling graph: 711 nodes, 1769 flattened edges (1765 ToBuild, 4 ToUse), maximum node priority 328
[           0s] Delete 1 artifact files that are no longer in use. (like /Users/fit0721/Documents/GitHub/bigtwo/Unity/Library/Bee/Android/Prj/IL2CPP/Il2CppBackup/Managed/icallsummary.txt)
[250/520    0s] CopyFiles /Users/fit0721/Documents/GitHub/bigtwo/Unity/Library/Bee/Android/Prj/IL2CPP/Il2CppBackup/Managed/UnityEngine.CoreModule.pdb
[252/520    0s] CopyFiles /Users/fit0721/Documents/GitHub/bigtwo/Unity/Library/Bee/Android/Prj/IL2CPP/Il2CppBackup/Managed/UnityEngine.CoreModule.dll
[255/520    0s] CopyFiles /Users/fit0721/Documents/GitHub/bigtwo/Unity/Library/Bee/Android/Prj/IL2CPP/Il2CppBackup/Managed/UnityEngine.pdb
[256/520    0s] CopyFiles /Users/fit0721/Documents/GitHub/bigtwo/Unity/Library/Bee/Android/Prj/IL2CPP/Il2CppBackup/Managed/Assembly-CSharp.dll
[257/520    0s] CopyFiles /Users/fit0721/Documents/GitHub/bigtwo/Unity/Library/Bee/Android/Prj/IL2CPP/Il2CppBackup/Managed/UnityEngine.dll
[259/520    0s] CopyFiles /Users/fit0721/Documents/GitHub/bigtwo/Unity/Library/Bee/Android/Prj/IL2CPP/Il2CppBackup/Managed/Assembly-CSharp.pdb
[261/520    0s] ExtractUsedFeatures Library/Bee/artifacts/Android/Features/UnityEngine.CoreModule-FeaturesChecked.txt
[262/520    0s] ExtractUsedFeatures Library/Bee/artifacts/Android/Features/UnityEngine-FeaturesChecked.txt
[263/520    0s] ICallRegistrationGenerator /Users/fit0721/Documents/GitHub/bigtwo/Unity/Library/Bee/artifacts/Android/il2cppOutput/UnityICallRegistration.cpp
[264/520    0s] ExtractUsedFeatures Library/Bee/artifacts/Android/Features/Assembly-CSharp-FeaturesChecked.txt
[265/520    0s] Compile UnityICallRegistration Library/Bee/artifacts/Android/libunity/arm64-v8a/UnityICallRegistration.o
clang++: warning: '-x c++' after last input file has no effect [-Wunused-command-line-argument]
[266/520    0s] Link libunity Library/Bee/artifacts/Android/libunity/arm64-v8a/unstripped/libunity.so
[267/520    0s] Stripping Library/Bee/artifacts/Android/libunity/arm64-v8a/unstripped/libunity.so -> Library/Bee/artifacts/Android/libunity/arm64-v8a/stripped/libunity.so Library/Bee/artifacts/Android/libunity/arm64-v8a/stripped/libunity.so
[268/520    0s] Generate Library/Bee/artifacts/Android/libunity/arm64-v8a/libunity.dbg.so from Library/Bee/artifacts/Android/libunity/arm64-v8a/unstripped/libunity.so Library/Bee/artifacts/Android/libunity/arm64-v8a/libunity.dbg.so
[269/520    0s] Generate Library/Bee/artifacts/Android/libunity/arm64-v8a/libunity.sym.so from Library/Bee/artifacts/Android/libunity/arm64-v8a/libunity.dbg.so Library/Bee/artifacts/Android/libunity/arm64-v8a/libunity.sym.so
[270/520    0s] Adding note Library/Bee/artifacts/Android/libunity/arm64-v8a/stripped/libunity.so -> /Users/fit0721/Documents/GitHub/bigtwo/Unity/Library/Bee/Android/Prj/IL2CPP/Gradle/unityLibrary/src/main/jniLibs/arm64-v8a/libunity.so /Users/fit0721/Documents/GitHub/bigtwo/Unity/Library/Bee/Android/Prj/IL2CPP/Gradle/unityLibrary/src/main/jniLibs/arm64-v8a/libunity.so
[271/520    1s] IL2CPP_CodeGen /Users/fit0721/Documents/GitHub/bigtwo/Unity/Library/Bee/artifacts/il2cpp_conv_0rxj.traceevents
/Applications/Unity/Hub/Editor/6000.3.2f1/Unity.app/Contents/Resources/Scripting/il2cpp/build/deploy/il2cpp --convert-to-cpp --assembly=Library/Bee/artifacts/Android/ManagedStripped/Assembly-CSharp.dll --assembly=Library/Bee/artifacts/Android/ManagedStripped/Mono.Security.dll --assembly=Library/Bee/artifacts/Android/ManagedStripped/mscorlib.dll --assembly=Library/Bee/artifacts/Android/ManagedStripped/System.Configuration.dll --assembly=Library/Bee/artifacts/Android/ManagedStripped/System.Core.dll --assembly=Library/Bee/artifacts/Android/ManagedStripped/System.dll --assembly=Library/Bee/artifacts/Android/ManagedStripped/System.Xml.dll --assembly=Library/Bee/artifacts/Android/ManagedStripped/UnityEngine.AIModule.dll --assembly=Library/Bee/artifacts/Android/ManagedStripped/UnityEngine.AndroidJNIModule.dll --assembly=Library/Bee/artifacts/Android/ManagedStripped/UnityEngine.AudioModule.dll --assembly=Library/Bee/artifacts/Android/ManagedStripped/UnityEngine.CoreModule.dll --assembly=Library/Bee/artifacts/Android/ManagedStripped/UnityEngine.dll --assembly=Library/Bee/artifacts/Android/ManagedStripped/UnityEngine.ImageConversionModule.dll --assembly=Library/Bee/artifacts/Android/ManagedStripped/UnityEngine.IMGUIModule.dll --assembly=Library/Bee/artifacts/Android/ManagedStripped/UnityEngine.InputLegacyModule.dll --assembly=Library/Bee/artifacts/Android/ManagedStripped/UnityEngine.MultiplayerModule.dll --assembly=Library/Bee/artifacts/Android/ManagedStripped/UnityEngine.PhysicsModule.dll --assembly=Library/Bee/artifacts/Android/ManagedStripped/UnityEngine.PropertiesModule.dll --assembly=Library/Bee/artifacts/Android/ManagedStripped/UnityEngine.SharedInternalsModule.dll --assembly=Library/Bee/artifacts/Android/ManagedStripped/UnityEngine.TextCoreFontEngineModule.dll --assembly=Library/Bee/artifacts/Android/ManagedStripped/UnityEngine.TextCoreTextEngineModule.dll --assembly=Library/Bee/artifacts/Android/ManagedStripped/UnityEngine.TextRenderingModule.dll --assembly=Library/Bee/artifacts/Android/ManagedStripped/UnityEngine.UnityWebRequestModule.dll --assembly=Library/Bee/artifacts/Android/ManagedStripped/UnityEngine.UnityWebRequestTextureModule.dll --generatedcppdir=/Users/fit0721/Documents/GitHub/bigtwo/Unity/Library/Bee/artifacts/Android/il2cppOutput/cpp --symbols-folder=/Users/fit0721/Documents/GitHub/bigtwo/Unity/Library/Bee/artifacts/Android/il2cppOutput/cpp/Symbols --enable-analytics --emit-null-checks --enable-array-bounds-check --dotnetprofile=unityaot-linux --usymtool-path=/Applications/Unity/Hub/Editor/6000.3.2f1/Unity.app/Contents/Helpers/usymtool --profiler-report --profiler-output-file=/Users/fit0721/Documents/GitHub/bigtwo/Unity/Library/Bee/artifacts/il2cpp_conv_0rxj.traceevents --print-command-line --static-lib-il2-cpp --data-folder=/Users/fit0721/Documents/GitHub/bigtwo/Unity/Library/Bee/artifacts/Android/il2cppOutput/data
Warning: [UnityEngine.TextCoreTextEngineModule] - System.Boolean UnityEngine.TextCore.Text.TextGenerator::ValidateHtmlTag(UnityEngine.TextCore.Text.TextProcessingElement[],System.Int32,System.Int32&,UnityEngine.TextCore.Text.TextGenerationSettings,UnityEngine.TextCore.Text.TextInfo,System.Boolean&) - High Variable Count of 250
Warning: [UnityEngine.TextCoreTextEngineModule] - System.Boolean UnityEngine.TextCore.Text.TextGenerator::ValidateHtmlTag(UnityEngine.TextCore.Text.TextProcessingElement[],System.Int32,System.Int32&,UnityEngine.TextCore.Text.TextGenerationSettings,UnityEngine.TextCore.Text.TextInfo,System.Boolean&) - High Instruction Count of 6305
Warning: [UnityEngine.TextCoreTextEngineModule] - System.Boolean UnityEngine.TextCore.Text.TextGenerator::ValidateHtmlTag(UnityEngine.TextCore.Text.TextProcessingElement[],System.Int32,System.Int32&,UnityEngine.TextCore.Text.TextGenerationSettings,UnityEngine.TextCore.Text.TextInfo,System.Boolean&) - High CodeSize of 17778
Warning: [UnityEngine.TextCoreTextEngineModule] - System.Void UnityEngine.TextCore.Text.TextGenerator::ParsingPhase(UnityEngine.TextCore.Text.TextInfo,UnityEngine.TextCore.Text.TextGenerationSettings,System.UInt32&,System.Single&) - High Variable Count of 306
Warning: [UnityEngine.TextCoreTextEngineModule] - System.Void UnityEngine.TextCore.Text.TextGenerator::ParsingPhase(UnityEngine.TextCore.Text.TextInfo,UnityEngine.TextCore.Text.TextGenerationSettings,System.UInt32&,System.Single&) - High Instruction Count of 5887
Warning: [UnityEngine.TextCoreTextEngineModule] - System.Void UnityEngine.TextCore.Text.TextGenerator::ParsingPhase(UnityEngine.TextCore.Text.TextInfo,UnityEngine.TextCore.Text.TextGenerationSettings,System.UInt32&,System.Single&) - High CodeSize of 15305
[370/520    0s] C_Android_arm64 Library/Bee/artifacts/Android/d8kzr/kk9ym2vjo4o9.o
[372/520    0s] C_Android_arm64 Library/Bee/artifacts/Android/d8kzr/u0diqxhu3t2i.o
[386/520    0s] CopyFiles /Users/fit0721/Documents/GitHub/bigtwo/Unity/Library/Bee/Android/Prj/IL2CPP/Gradle/unityLibrary/src/main/assets/bin/Data/Managed/Metadata/global-metadata.dat
[394/520    0s] CopyFiles /Users/fit0721/Documents/GitHub/bigtwo/Unity/Library/Bee/Android/Prj/IL2CPP/Il2CppBackup/il2cppOutput/Il2CppCCalculateTypeValues.cpp
[395/520    0s] CopyFiles /Users/fit0721/Documents/GitHub/bigtwo/Unity/Library/Bee/Android/Prj/IL2CPP/Il2CppBackup/il2cppOutput/Il2CppCCalculateFieldValues.cpp
[396/520    0s] CopyFiles /Users/fit0721/Documents/GitHub/bigtwo/Unity/Library/Bee/artifacts/Android/il2cppOutput/build/arm64-v8a/Data/Metadata/global-metadata.dat
[397/520    0s] CopyFiles /Users/fit0721/Documents/GitHub/bigtwo/Unity/Library/Bee/artifacts/Android/il2cppOutput/build/arm64-v8a/Data/Resources/mscorlib.dll-resources.dat
[405/520    0s] CopyFiles /Users/fit0721/Documents/GitHub/bigtwo/Unity/Library/Bee/Android/Prj/IL2CPP/Il2CppBackup/il2cppOutput/Il2CppCCTypeValuesTable.c
[407/520    0s] CopyFiles /Users/fit0721/Documents/GitHub/bigtwo/Unity/Library/Bee/Android/Prj/IL2CPP/Il2CppBackup/il2cppOutput/Il2CppTypeDefinitions.c
[440/520    0s] CopyFiles /Users/fit0721/Documents/GitHub/bigtwo/Unity/Library/Bee/Android/Prj/IL2CPP/Il2CppBackup/il2cppOutput/Il2CppMetadataUsage.c
[444/520    0s] CopyFiles /Users/fit0721/Documents/GitHub/bigtwo/Unity/Library/Bee/Android/Prj/IL2CPP/Il2CppBackup/il2cppOutput/Assembly-CSharp.cpp
[464/520    0s] CopyFiles /Users/fit0721/Documents/GitHub/bigtwo/Unity/Library/Bee/Android/Prj/IL2CPP/Il2CppBackup/il2cppOutput/Il2CppRgctxTable.c
[470/520    0s] C_Android_arm64 Library/Bee/artifacts/Android/d8kzr/o7732uiapkwj.o
[474/520    0s] CopyFiles /Users/fit0721/Documents/GitHub/bigtwo/Unity/Library/Bee/Android/Prj/IL2CPP/Il2CppBackup/il2cppOutput/UnityEngine.CoreModule.cpp
[477/520    0s] CopyFiles /Users/fit0721/Documents/GitHub/bigtwo/Unity/Library/Bee/Android/Prj/IL2CPP/Il2CppBackup/il2cppOutput/Il2CppCCFieldValuesTable.c
[479/520    0s] CopyFiles /Users/fit0721/Documents/GitHub/bigtwo/Unity/Library/Bee/Android/Prj/IL2CPP/Gradle/unityLibrary/src/main/assets/bin/Data/Managed/Resources/mscorlib.dll-resources.dat
[480/520    0s] CopyFiles /Users/fit0721/Documents/GitHub/bigtwo/Unity/Library/Bee/Android/Prj/IL2CPP/Il2CppBackup/il2cppOutput/Il2CppMetadataRegistration.c
[494/520    0s] CopyFiles /Users/fit0721/Documents/GitHub/bigtwo/Unity/Library/Bee/Android/Prj/IL2CPP/Il2CppBackup/il2cppOutput/UnityEngine.CoreModule_CodeGen.c
[498/520    0s] CopyFiles /Users/fit0721/Documents/GitHub/bigtwo/Unity/Library/Bee/Android/Prj/IL2CPP/Il2CppBackup/il2cppOutput/Il2CppGenericMethodDefinitions.c
[499/520    0s] C_Android_arm64 Library/Bee/artifacts/Android/d8kzr/qxei6zir7si1.o
[500/520    0s] C_Android_arm64 Library/Bee/artifacts/Android/d8kzr/wmbq7gaz5ut1.o
[501/520    0s] C_Android_arm64 Library/Bee/artifacts/Android/d8kzr/cuksxte7ijdi.o
[502/520    0s] GuidGenerator /Users/fit0721/Documents/GitHub/bigtwo/Unity/Library/Bee/Android/Prj/IL2CPP/Gradle/unityLibrary/src/main/assets/bin/Data/unity_app_guid
[503/520    0s] C_Android_arm64 Library/Bee/artifacts/Android/d8kzr/4b525obuxcdo.o
[504/520    0s] C_Android_arm64 Library/Bee/artifacts/Android/d8kzr/ocjsbllnr2xg.o
[505/520    0s] C_Android_arm64 Library/Bee/artifacts/Android/d8kzr/rku3e1bmtvoa.o
[506/520    0s] C_Android_arm64 Library/Bee/artifacts/Android/d8kzr/f34vzzf85hxy.o
[507/520    0s] C_Android_arm64 Library/Bee/artifacts/Android/d8kzr/0s7isojqpaii.o
[508/520    1s] C_Android_arm64 Library/Bee/artifacts/Android/d8kzr/erga9xewsegn.o
[509/520    0s] Link_Android_arm64 Library/Bee/artifacts/Android/d8kzr/libil2cpp.so
[510/520    0s] CopyFiles /Users/fit0721/Documents/GitHub/bigtwo/Unity/Library/Bee/artifacts/Android/il2cppOutput/build/arm64-v8a/libil2cpp.dbg.so
[511/520    0s] CopyFiles Library/Bee/artifacts/objcopy_5lmi/libil2cpp.dbg.so
[512/520    0s] NdkObjCopy Library/Bee/artifacts/objcopy_5lmi/stripped/libil2cpp.so
[513/520    0s] NdkObjCopy Library/Bee/artifacts/objcopy_5lmi/libil2cpp.sym.so
[514/520    0s] CopyFiles /Users/fit0721/Documents/GitHub/bigtwo/Unity/Library/Bee/artifacts/Android/il2cppOutput/build/arm64-v8a/libil2cpp.sym.so
[515/520    0s] NdkObjCopy Library/Bee/artifacts/objcopy_5lmi/libil2cpp.so
[516/520    0s] CopyFiles /Users/fit0721/Documents/GitHub/bigtwo/Unity/Library/Bee/artifacts/Android/il2cppOutput/build/arm64-v8a/libil2cpp.so
[517/520    0s] CopyFiles /Users/fit0721/Documents/GitHub/bigtwo/Unity/Library/Bee/Android/Prj/IL2CPP/Gradle/unityLibrary/src/main/jniLibs/arm64-v8a/libil2cpp.so
*** Tundra requires additional run (2.79 seconds), 55 items updated, 520 evaluated
*** Additional run caused by: timestamp change of Library/Bee/artifacts/Android/Features/Assembly-CSharp-FeaturesChecked.txt
Starting: /Applications/Unity/Hub/Editor/6000.3.2f1/Unity.app/Contents/Resources/Scripting/netcorerun/netcorerun "/Applications/Unity/Hub/Editor/6000.3.2f1/PlaybackEngines/AndroidPlayer/AndroidPlayerBuildProgram.exe" "/Applications/Unity/Hub/Editor/6000.3.2f1/PlaybackEngines/AndroidPlayer/Bee:/Applications/Unity/Hub/Editor/6000.3.2f1/Unity.app/Contents/Resources/BuildPipeline" "Library/Bee/Playerf0c4891e.dag.json" "Library/Bee/Playerf0c4891e-inputdata.json" "Library/Bee/buildprogram2.traceevents"
WorkingDir: /Users/fit0721/Documents/GitHub/bigtwo/Unity
ExitCode: 4 Duration: 2s833ms
ExitCode: 0 Duration: 0s416ms
Starting: /Applications/Unity/Hub/Editor/6000.3.2f1/Unity.app/Contents/Resources/BuildPipeline/bee_backend --ipc --dagfile="Library/Bee/Playerf0c4891e.dag" --dagfilejson="Library/Bee/Playerf0c4891e.dag.json" --profile="Library/Bee/backend4.traceevents" Player
WorkingDir: /Users/fit0721/Documents/GitHub/bigtwo/Unity
Finished compiling graph: 712 nodes, 1772 flattened edges (1768 ToBuild, 4 ToUse), maximum node priority 329
[270/521    0s] CopyFiles /Users/fit0721/Documents/GitHub/bigtwo/Unity/Library/Bee/Android/Prj/IL2CPP/Il2CppBackup/Managed/icallsummary.txt
[519/521    0s] Generate Manifests Library/Bee/artifacts/Android/Manifest/IntermediateLauncherManifestDiag.txt (+3 others)
[520/521    0s] ModifyAndroidProjectCallback /Users/fit0721/Documents/GitHub/bigtwo/Unity/Library/Bee/Android/Prj/IL2CPP/Gradle/launcher/src/main/AndroidManifest.xml (+8 others)
*** Tundra build success (0.29 seconds), 3 items updated, 521 evaluated
DisplayProgressbar: Calling IPostGenerateGradleAndroidProject callbacks
Calling IPostGenerateGradleAndroidProject callbacks on '/Users/fit0721/Documents/GitHub/bigtwo/Unity/Library/Bee/Android/Prj/IL2CPP/Gradle/unityLibrary':
Android PostProcess task "Calling IPostGenerateGradleAndroidProject callbacks" took 0.586 ms
DisplayProgressbar: Validate Gradle Project
Android PostProcess task "Validate Gradle Project" took 0.2216 ms
Android PostProcess task "Unity Services Symbol Upload" took 0.1198 ms
DisplayProgressbar: Building Gradle project
Starting: /Applications/Unity/Hub/Editor/6000.3.2f1/PlaybackEngines/AndroidPlayer/OpenJDK/bin/java -classpath "/Applications/Unity/Hub/Editor/6000.3.2f1/PlaybackEngines/AndroidPlayer/Tools/gradle/lib/gradle-launcher-8.13.jar" org.gradle.launcher.GradleMain "-Dorg.gradle.jvmargs=-Xmx4096m" "assembleRelease" 
WorkingDir: /Users/fit0721/Documents/GitHub/bigtwo/Unity/Library/Bee/Android/Prj/IL2CPP/Gradle/launcher
Total cache size 135218632
Total cache size after purge 135218632, took 00:00:00.0228172
ExitCode: 0 Duration: 0s405ms
Android PostProcess task "Building Gradle project" took 23847.4687 ms
DisplayProgressbar: Building Gradle Symbols
Android PostProcess task "Building Gradle Symbols" took 0.175 ms
DisplayProgressbar: Processing Mapping File
Android PostProcess task "Processing Mapping File" took 0.2079 ms
DisplayProgressbar: Moving output package(s)
Deleting file '/Users/fit0721/Documents/GitHub/bigtwo/Unity/Builds/Android/BigTwo.apk'
Copy '/Users/fit0721/Documents/GitHub/bigtwo/Unity/Library/Bee/Android/Prj/IL2CPP/Gradle/launcher/build/outputs/apk/release/launcher-release.apk' -> 
 '/Users/fit0721/Documents/GitHub/bigtwo/Unity/Builds/Android/BigTwo.apk'
Android PostProcess task "Moving output package(s)" took 5.2151 ms
Android PostProcess task "Checking Symbols size" took 0.5486 ms
Refreshing native plugins compatible for Editor in 0.00 ms, found 0 plugins.
Preloading 0 native plugins for Editor in 0.00 ms.

-------------------------------------------------------------------------------
Build Report
Uncompressed usage by category (Percentages based on user generated assets only):
Textures               3.2 mb	 98.9% 
Meshes                 0.0 kb	 0.0% 
Animations             0.0 kb	 0.0% 
Sounds                 0.0 kb	 0.0% 
Shaders                14.2 kb	 0.4% 
Other Assets           1.4 kb	 0.0% 
Levels                 2.1 kb	 0.1% 
File headers           5.1 kb	 0.2% 
Total User Assets      3.2 mb	 100.0% 
Complete build size    137.6 mb
Used Assets and files from the Resources folder, sorted by uncompressed size:
 2.7 mb	 1.9% Built-in Texture2D: Splash Screen Unity Logo
 527.0 kb	 0.4% Resources/unity_builtin_extra
 0.4 kb	 0.0% Built-in Sprite: 
 0.1 kb	 0.0% Packages/com.unity.ugui/Runtime/UGUI/EventSystem/UIElements/UIToolkitInteroperabilityBridge.cs
 0.1 kb	 0.0% Packages/com.unity.ugui/Runtime/TMP/TMP_SpriteAssetImportFormats.cs
 0.1 kb	 0.0% Packages/com.unity.ugui/Runtime/UGUI/UI/Core/Layout/HorizontalOrVerticalLayoutGroup.cs
 0.1 kb	 0.0% Packages/com.unity.ugui/Runtime/TMP/TMP_DynamicFontAssetUtilities.cs
 0.1 kb	 0.0% Packages/com.unity.ugui/Runtime/UGUI/EventSystem/UIElements/WorldDocumentRaycaster.cs
 0.1 kb	 0.0% Packages/com.unity.ugui/Runtime/UGUI/EventSystem/InputModules/StandaloneInputModule.cs
 0.1 kb	 0.0% Packages/com.unity.ugui/Runtime/TMP/TMP_ScrollbarEventHandler.cs
 0.1 kb	 0.0% Packages/com.unity.ugui/Runtime/TMP/TMP_PackageResourceImporter.cs
 0.1 kb	 0.0% Packages/com.unity.ugui/Runtime/InternalBridge/ObjectUtilsBridge.cs
 0.1 kb	 0.0% Packages/com.unity.ugui/Runtime/UGUI/UI/Core/Utility/ReflectionMethodsCache.cs
 0.1 kb	 0.0% Packages/com.unity.ugui/Runtime/UGUI/UI/Core/MultipleDisplayUtilities.cs
 0.1 kb	 0.0% Packages/com.unity.ugui/Runtime/UGUI/UI/Core/Layout/HorizontalLayoutGroup.cs
 0.1 kb	 0.0% Packages/com.unity.ugui/Runtime/UGUI/UI/Core/IGraphicEnabledDisabled.cs
 0.1 kb	 0.0% Packages/com.unity.ugui/Runtime/UGUI/UI/Core/GraphicRebuildTracker.cs
 0.1 kb	 0.0% Packages/com.unity.ugui/Runtime/UGUI/UI/Core/Culling/RectangularVertexClipper.cs
 0.1 kb	 0.0% Packages/com.unity.ugui/Runtime/UGUI/EventSystem/UIElements/PanelEventHandler.cs
 0.1 kb	 0.0% Packages/com.unity.ugui/Runtime/UGUI/EventSystem/Raycasters/Physics2DRaycaster.cs
 0.1 kb	 0.0% Packages/com.unity.ugui/Runtime/UGUI/EventSystem/InputModules/PointerInputModule.cs
 0.1 kb	 0.0% Packages/com.unity.ugui/Runtime/UGUI/UI/Animation/CoroutineTween.cs
 0.1 kb	 0.0% Packages/com.unity.ugui/Runtime/UGUI/EventSystem/EventInterfaces.cs
 0.1 kb	 0.0% Packages/com.unity.ugui/Runtime/TMP/TMPro_ExtensionMethods.cs
 0.1 kb	 0.0% Packages/com.unity.ugui/Runtime/TMP/TMP_TextParsingUtilities.cs
 0.1 kb	 0.0% Packages/com.unity.ugui/Runtime/TMP/TMP_TextElement_Legacy.cs
 0.1 kb	 0.0% Packages/com.unity.ugui/Runtime/TMP/TMP_FontAssetUtilities.cs
 0.1 kb	 0.0% Packages/com.unity.ugui/Runtime/TMP/MaterialReferenceManager.cs
 0.1 kb	 0.0% Packages/com.unity.ugui/Runtime/TMP/FontFeatureCommonGSUB.cs
 0.1 kb	 0.0% Packages/com.unity.ugui/Runtime/UGUI/UI/Core/SetPropertyUtility.cs
 0.1 kb	 0.0% Packages/com.unity.ugui/Runtime/UGUI/UI/Core/MaterialModifiers/IMaterialModifier.cs
 0.1 kb	 0.0% Packages/com.unity.ugui/Runtime/UGUI/UI/Core/Layout/VerticalLayoutGroup.cs
 0.1 kb	 0.0% Packages/com.unity.ugui/Runtime/UGUI/UI/Core/Layout/ContentSizeFitter.cs
 0.1 kb	 0.0% Packages/com.unity.ugui/Runtime/UGUI/UI/Core/Layout/AspectRatioFitter.cs
 0.1 kb	 0.0% Packages/com.unity.ugui/Runtime/UGUI/UI/Core/FontUpdateTracker.cs
 0.1 kb	 0.0% Packages/com.unity.ugui/Runtime/UGUI/UI/Core/CanvasUpdateRegistry.cs
 0.1 kb	 0.0% Packages/com.unity.ugui/Runtime/UGUI/UI/Core/AnimationTriggers.cs
 0.1 kb	 0.0% Packages/com.unity.ugui/Runtime/UGUI/EventSystem/UIElements/PanelRaycaster.cs
 0.1 kb	 0.0% Packages/com.unity.ugui/Runtime/UGUI/EventSystem/Raycasters/PhysicsRaycaster.cs
 0.1 kb	 0.0% Packages/com.unity.ugui/Runtime/UGUI/EventSystem/Raycasters/BaseRaycaster.cs
 0.1 kb	 0.0% Packages/com.unity.ugui/Runtime/UGUI/EventSystem/RaycasterManager.cs
 0.1 kb	 0.0% Packages/com.unity.ugui/Runtime/UGUI/EventSystem/RaycastResult.cs
 0.1 kb	 0.0% Packages/com.unity.ugui/Runtime/UGUI/EventSystem/InputModules/TouchInputModule.cs
 0.1 kb	 0.0% Packages/com.unity.ugui/Runtime/UGUI/EventSystem/InputModules/BaseInputModule.cs
 0.1 kb	 0.0% Packages/com.unity.ugui/Runtime/UGUI/EventSystem/ExecuteEvents.cs
 0.1 kb	 0.0% Packages/com.unity.ugui/Runtime/UGUI/EventSystem/EventData/PointerEventData.cs
 0.1 kb	 0.0% Packages/com.unity.ugui/Runtime/UGUI/EventSystem/EventData/BaseEventData.cs
 0.1 kb	 0.0% Packages/com.unity.ugui/Runtime/UGUI/EventSystem/EventData/AxisEventData.cs
 0.1 kb	 0.0% Packages/com.unity.ugui/Runtime/TMP/TMP_TextProcessingStack.cs
 0.1 kb	 0.0% Packages/com.unity.ugui/Runtime/TMP/TMP_FontFeaturesCommon.cs
 0.1 kb	 0.0% Packages/com.unity.ugui/Runtime/TMP/TMPro_EventManager.cs
 0.1 kb	 0.0% Packages/com.unity.ugui/Runtime/TMP/TMP_UpdateRegistery.cs
 0.1 kb	 0.0% Packages/com.unity.ugui/Runtime/TMP/TMP_UpdateManager.cs
 0.1 kb	 0.0% Packages/com.unity.ugui/Runtime/TMP/TMP_TextUtilities.cs
 0.1 kb	 0.0% Packages/com.unity.ugui/Runtime/TMP/TMP_TextProcessingCommon.cs
 0.1 kb	 0.0% Packages/com.unity.ugui/Runtime/TMP/TMP_SpriteCharacter.cs
 0.1 kb	 0.0% Packages/com.unity.ugui/Runtime/TMP/TMP_SpriteAnimator.cs
 0.1 kb	 0.0% Packages/com.unity.ugui/Runtime/TMP/TMP_SelectionCaret.cs
 0.1 kb	 0.0% Packages/com.unity.ugui/Runtime/TMP/TMP_ResourcesManager.cs
 0.1 kb	 0.0% Packages/com.unity.ugui/Runtime/TMP/TMP_MaterialManager.cs
 0.1 kb	 0.0% Packages/com.unity.ugui/Runtime/TMP/TMP_InputValidator.cs
 0.1 kb	 0.0% Packages/com.unity.ugui/Runtime/TMP/TMP_FontFeatureTable.cs
 0.1 kb	 0.0% Packages/com.unity.ugui/Runtime/TMP/TMP_DefaultControls.cs
 0.1 kb	 0.0% Packages/com.unity.ugui/Runtime/TMP/TMP_Compatibility.cs
 0.1 kb	 0.0% Packages/com.unity.ugui/Runtime/TMP/TMP_ColorGradient.cs
 0.1 kb	 0.0% Packages/com.unity.ugui/Runtime/TMP/TMP_CharacterInfo.cs
 0.1 kb	 0.0% Packages/com.unity.ugui/Runtime/TMP/ITextPreProcessor.cs
 0.1 kb	 0.0% Packages/com.unity.ugui/Runtime/TMP/FontFeatureCommonGPOS.cs
 0.1 kb	 0.0% Packages/com.unity.ugui/Runtime/UGUI/UI/Core/VertexModifiers/PositionAsUV1.cs
 0.1 kb	 0.0% Packages/com.unity.ugui/Runtime/UGUI/UI/Core/VertexModifiers/IMeshModifier.cs
 0.1 kb	 0.0% Packages/com.unity.ugui/Runtime/UGUI/UI/Core/VertexModifiers/BaseMeshEffect.cs
 0.1 kb	 0.0% Packages/com.unity.ugui/Runtime/UGUI/UI/Core/StencilMaterial.cs
 0.1 kb	 0.0% Packages/com.unity.ugui/Runtime/UGUI/UI/Core/MaskableGraphic.cs
 0.1 kb	 0.0% Packages/com.unity.ugui/Runtime/UGUI/UI/Core/MaskUtilities.cs
 0.1 kb	 0.0% Packages/com.unity.ugui/Runtime/UGUI/UI/Core/Layout/LayoutUtility.cs
 0.1 kb	 0.0% Packages/com.unity.ugui/Runtime/UGUI/UI/Core/Layout/LayoutRebuilder.cs
 0.1 kb	 0.0% Packages/com.unity.ugui/Runtime/UGUI/UI/Core/Layout/LayoutElement.cs
 0.1 kb	 0.0% Packages/com.unity.ugui/Runtime/UGUI/UI/Core/Layout/ILayoutElement.cs
 0.1 kb	 0.0% Packages/com.unity.ugui/Runtime/UGUI/UI/Core/Layout/GridLayoutGroup.cs
 0.1 kb	 0.0% Packages/com.unity.ugui/Runtime/UGUI/UI/Core/GraphicRegistry.cs
 0.1 kb	 0.0% Packages/com.unity.ugui/Runtime/UGUI/UI/Core/GraphicRaycaster.cs
 0.1 kb	 0.0% Packages/com.unity.ugui/Runtime/UGUI/UI/Core/DefaultControls.cs
 0.1 kb	 0.0% Packages/com.unity.ugui/Runtime/UGUI/UI/Core/Culling/ClipperRegistry.cs
 0.1 kb	 0.0% Packages/com.unity.ugui/Runtime/UGUI/EventSystem/UIBehaviour.cs
 0.1 kb	 0.0% Packages/com.unity.ugui/Runtime/UGUI/EventSystem/InputModules/BaseInput.cs
 0.1 kb	 0.0% Packages/com.unity.ugui/Runtime/UGUI/EventSystem/EventTrigger.cs
 0.1 kb	 0.0% Packages/com.unity.ugui/Runtime/UGUI/EventSystem/EventSystem.cs
 0.1 kb	 0.0% Packages/com.unity.ugui/Runtime/TMP/TMPro_MeshUtilities.cs
 0.1 kb	 0.0% Packages/com.unity.ugui/Runtime/TMP/TMP_ShaderUtilities.cs
 0.1 kb	 0.0% Packages/com.unity.ugui/Runtime/TMP/TMP_RichTextTagsCommon.cs
 0.1 kb	 0.0% Packages/com.unity.ugui/Runtime/TMP/TMP_FontAssetCommon.cs
 0.1 kb	 0.0% Packages/com.unity.ugui/Runtime/TMP/TextMeshProUGUI.cs
 0.1 kb	 0.0% Packages/com.unity.ugui/Runtime/TMP/TextContainer.cs
 0.1 kb	 0.0% Packages/com.unity.ugui/Runtime/TMP/TMP_TextElement.cs
 0.1 kb	 0.0% Packages/com.unity.ugui/Runtime/TMP/TMP_SubMeshUI.cs
 0.1 kb	 0.0% Packages/com.unity.ugui/Runtime/TMP/TMP_StyleSheet.cs
 0.1 kb	 0.0% Packages/com.unity.ugui/Runtime/TMP/TMP_SpriteGlyph.cs
 0.1 kb	 0.0% Packages/com.unity.ugui/Runtime/TMP/TMP_SpriteAsset.cs
 0.1 kb	 0.0% Packages/com.unity.ugui/Runtime/TMP/TMP_InputField.cs
 0.1 kb	 0.0% Packages/com.unity.ugui/Runtime/TMP/TMP_FontAsset.cs
 0.1 kb	 0.0% Packages/com.unity.ugui/Runtime/TMP/TMP_CoroutineTween.cs
 0.1 kb	 0.0% Packages/com.unity.ugui/Runtime/TMP/TMP_Character.cs
 0.1 kb	 0.0% Packages/com.unity.ugui/Runtime/UGUI/UI/Core/Utility/VertexHelper.cs
 0.1 kb	 0.0% Packages/com.unity.ugui/Runtime/UGUI/UI/Core/ToggleGroup.cs
 0.1 kb	 0.0% Packages/com.unity.ugui/Runtime/UGUI/UI/Core/SpriteState.cs
 0.1 kb	 0.0% Packages/com.unity.ugui/Runtime/UGUI/UI/Core/Selectable.cs
 0.1 kb	 0.0% Packages/com.unity.ugui/Runtime/UGUI/UI/Core/Scrollbar.cs
 0.1 kb	 0.0% Packages/com.unity.ugui/Runtime/UGUI/UI/Core/ScrollRect.cs
 0.1 kb	 0.0% Packages/com.unity.ugui/Runtime/UGUI/UI/Core/RectMask2D.cs
 0.1 kb	 0.0% Packages/com.unity.ugui/Runtime/UGUI/UI/Core/Navigation.cs
 0.1 kb	 0.0% Packages/com.unity.ugui/Runtime/UGUI/UI/Core/Layout/LayoutGroup.cs
 0.1 kb	 0.0% Packages/com.unity.ugui/Runtime/UGUI/UI/Core/Layout/CanvasScaler.cs
 0.1 kb	 0.0% Packages/com.unity.ugui/Runtime/UGUI/UI/Core/InputField.cs
 0.1 kb	 0.0% Packages/com.unity.ugui/Runtime/UGUI/UI/Core/IMaskable.cs
 0.1 kb	 0.0% Packages/com.unity.ugui/Runtime/UGUI/UI/Core/ColorBlock.cs
 0.1 kb	 0.0% Packages/com.unity.ugui/Runtime/UGUI/UI/Core/Culling/IClipRegion.cs
 0.1 kb	 0.0% Packages/com.unity.ugui/Runtime/TMP/TextMeshPro.cs
 0.1 kb	 0.0% Packages/com.unity.ugui/Runtime/TMP/TMP_TextInfo.cs
 0.1 kb	 0.0% Packages/com.unity.ugui/Runtime/TMP/TMP_SubMesh.cs
 0.1 kb	 0.0% Packages/com.unity.ugui/Runtime/TMP/TMP_Style.cs
 0.1 kb	 0.0% Packages/com.unity.ugui/Runtime/TMP/TMP_Sprite.cs
 0.1 kb	 0.0% Packages/com.unity.ugui/Runtime/TMP/TMP_Settings.cs
 0.1 kb	 0.0% Packages/com.unity.ugui/Runtime/TMP/TMP_MeshInfo.cs
 0.1 kb	 0.0% Packages/com.unity.ugui/Runtime/TMP/TMP_LineInfo.cs
 0.1 kb	 0.0% Packages/com.unity.ugui/Runtime/TMP/TMP_Dropdown.cs
 0.1 kb	 0.0% Packages/com.unity.ugui/Runtime/TMP/TMP_Asset.cs
 0.1 kb	 0.0% Packages/com.unity.ugui/Runtime/TMP/FastAction.cs
 0.1 kb	 0.0% Packages/com.unity.ugui/Runtime/UGUI/UI/Core/VertexModifiers/Shadow.cs
 0.1 kb	 0.0% Packages/com.unity.ugui/Runtime/UGUI/UI/Core/VertexModifiers/Outline.cs
 0.1 kb	 0.0% Packages/com.unity.ugui/Runtime/UGUI/UI/Core/Toggle.cs
 0.1 kb	 0.0% Packages/com.unity.ugui/Runtime/UGUI/UI/Core/Slider.cs
 0.1 kb	 0.0% Packages/com.unity.ugui/Runtime/UGUI/UI/Core/RawImage.cs
 0.1 kb	 0.0% Packages/com.unity.ugui/Runtime/UGUI/UI/Core/Image.cs
 0.1 kb	 0.0% Packages/com.unity.ugui/Runtime/UGUI/UI/Core/IMask.cs
 0.1 kb	 0.0% Packages/com.unity.ugui/Runtime/UGUI/UI/Core/Graphic.cs
 0.1 kb	 0.0% Packages/com.unity.ugui/Runtime/UGUI/UI/Core/FontData.cs
 0.1 kb	 0.0% Packages/com.unity.ugui/Runtime/UGUI/UI/Core/Dropdown.cs
 0.1 kb	 0.0% Packages/com.unity.ugui/Runtime/UGUI/UI/Core/Culling/Clipping.cs
 0.1 kb	 0.0% Packages/com.unity.ugui/Runtime/UGUI/UI/Core/Button.cs
 0.1 kb	 0.0% Packages/com.unity.ugui/Runtime/TMP/TMP_Text.cs
 0.1 kb	 0.0% Packages/com.unity.ugui/Runtime/UGUI/UI/Core/Text.cs
 0.1 kb	 0.0% Packages/com.unity.ugui/Runtime/UGUI/UI/Core/Misc.cs
 0.1 kb	 0.0% Packages/com.unity.ugui/Runtime/UGUI/UI/Core/Mask.cs
 0.1 kb	 0.0% Assets/Scripts/BigTwoGame.cs
-------------------------------------------------------------------------------
Unloading 4 Unused Serialized files (Serialized files now loaded: 0)
Unloading 23 unused Assets / (0.6 MB). Loaded Objects now: 1031.
Memory consumption went from 112.9 MB to 112.3 MB.
Total: 5.796667 ms (FindLiveObjects: 0.032042 ms CreateObjectMapping: 0.008250 ms MarkObjects: 5.412625 ms  DeleteObjects: 0.343291 ms)

Build Finished, Result: Success.
Launching external process: /Applications/Unity/Hub/Editor/6000.3.2f1/Unity.app/Contents/Resources/Scripting/il2cpp/build/deploy/Analytics
##utp:{"type":"PlayerBuildInfo","version":2,"phase":"Immediate","time":1770986605027,"processId":4280,"steps":[{"description":"Preprocess Player","duration":4},{"description":"Prepare For Build","duration":2692},{"description":"ProducePlayerScriptAssemblies","duration":712},{"description":"Verify Build setup","duration":21},{"description":"Prepare assets for target platform","duration":0},{"description":"Prepare splash screen","duration":0},{"description":"Building scenes","duration":41},{"description":"Build scripts DLLs","duration":2},{"description":"Build GlobalGameManagers file","duration":37},{"description":"Writing asset files","duration":12},{"description":"Building Resources/unity_builtin_extra","duration":62},{"description":"Write data build dirty tracking information","duration":5},{"description":"Postprocess built player","duration":29544}],"duration":33132}
Unloading 0 Unused Serialized files (Serialized files now loaded: 0)
Loaded scene 'Temp/__Backupscenes/0.backup'
	Deserialize:            0.206 ms
	Integration:            2.652 ms
	Integration of assets:  0.001 ms
	Thread Wait Time:       0.003 ms
	Total Operation Time:   2.861 ms
Unloading 0 unused Assets / (Unknown). Loaded Objects now: 1024.
Memory consumption went from 112.1 MB to 112.1 MB.
Total: 3.888458 ms (FindLiveObjects: 0.022916 ms CreateObjectMapping: 0.004917 ms MarkObjects: 3.856625 ms  DeleteObjects: 0.003875 ms)

Android build succeeded: Builds/Android/BigTwo.apk
Batchmode quit successfully invoked - shutting down!
Starting: /Applications/Unity/Hub/Editor/6000.3.2f1/PlaybackEngines/AndroidPlayer/OpenJDK/bin/java -classpath "/Applications/Unity/Hub/Editor/6000.3.2f1/PlaybackEngines/AndroidPlayer/Tools/gradle/lib/gradle-launcher-8.13.jar" org.gradle.launcher.GradleMain "-Dorg.gradle.jvmargs=-Xmx4096m" "--stop" 
WorkingDir: 
Killing ADB server in 0.014673 seconds.
Thread 0x16dcaf000 may have been prematurely finalized
Input System module state changed to: ShutdownInProgress.
Input System polling thread exited.
Input System module state changed to: Shutdown.
[Physics::Module] Cleanup current backend.
[Physics::Module] Id: 0xf2b8ea05
[Licensing::IpcConnector] LicenseClient-fit0721-notifications channel disconnected successfully.
[Licensing::IpcConnector] LicenseClient-fit0721 channel disconnected successfully.
Thread 0x175dd3000 may have been prematurely finalized
Thread 0x175e5f000 may have been prematurely finalized
AcceleratorClientConnectionCallback - disconnected - :0
[40m[32minfo[39m[22m[49m: Microsoft.Hosting.Lifetime[0]
      Application is shutting down...
Cleanup mono
debugger-agent: Unable to listen on 44
Exiting batchmode successfully now!
[Package Manager] Server process was shutdown
